Object,W1 Z Score using Max Unc,Uncertainty in W1 Z Score using Max Unc,W1 Z Score using Min Unc,Uncertainty in W1 Z Score using Min Unc,W1 Flux Change,W1 Flux Change Unc,W1 Normalised Flux Change,W1 Normalised Flux Change Unc,W2 Z Score using Max Unc,Uncertainty in W2 Z Score using Max Unc,W2 Z Score using Min Unc,Uncertainty in W2 Z Score using Min Unc,W2 Flux Change,W2 Flux Change Unc,W2 Normalised Flux Change,W2 Normalised Flux Change Unc,Mean Z Score,Mean Z Score Unc,Mean Normalised Flux Change,Mean Normalised Flux Change Unc,W1 Gap,W2 Gap,SDSS Redshift,DESI Redshift
163004.62+431007.6,6.094505879782053,1.3549226158406624,-6.666276809383331,1.482037984810446,0.1058200969815265,0.02352578624730933,0.18347994045322086,0.04120106211294777,4.006957179068801,1.4330833798891793,-3.903466409787594,1.396070031654869,0.08290483738245324,0.0296508146345651,0.13411720778503142,0.04816390178056262,5.1678015695054444,0.7086515094854862,0.15879857411912612,0.031691043505865595,1824.5573648699938,1095.391182139996,1.355846,1.354261073661872
141542.16+522206.9,8.105553922506749,1.3453571628639105,-9.006249437151961,1.4948543068928506,0.1626927968380047,0.027003696683160314,0.4421694433786506,0.07560153602272116,3.850667011149538,1.306822483529045,-4.577046093782878,1.5533378311303614,0.1206119520033434,0.04093275533924743,0.4137090025661468,0.1442186467297145,6.384879116147782,0.7143711708376436,0.4279392229723987,0.08141653749936954,2191.0543849800015,1826.6646171350003,1.002,1.0026246068769389
155601.81+433309.0,2.966060346060315,1.037468669908982,-10.734958623380763,3.75487412429751,0.153874342786449,0.05382217187719002,0.7412874009796567,,2.559801702353475,,,,0.4287654557992916,,2.240394593581267,,5.420273557264852,,1.490840997280462,,2921.9397193200057,3815.1692557600036,2.184,2.186224848578294
101426.13+324355.1,11.974355753324945,1.2764720276229424,-15.093689052871612,1.6089944433360783,0.3571694475507231,0.03807443325654011,0.4484300365395213,0.049145345370543284,6.370049446152252,1.2589312149864347,-8.329119546793395,1.646107880237206,0.22679655101574436,0.04482245545165266,0.3927726334993392,0.07939378701014528,10.441803449785551,0.729418557544143,0.42060133501943026,0.046686824660181946,3286.4127750199987,1821.661011239994,1.08377,1.081078578275372
075946.18+344717.9,2.8692999002995894,,,,0.23760415350638805,,1.180523684347206,,,,,,,,,,2.8692999002995894,,0.7866481589232726,,3478.3419710699964,,1.6266732,1.6322050645391557
143002.78+021543.6,12.804571546571662,1.9479544017029466,-7.659685646381319,1.1652649459031912,0.2226307760345716,0.03386873184735338,0.5338331502303522,0.0876315127661123,3.6202075255039734,1.1739952075716142,-5.88620702106517,1.908835000430782,0.19274192222700182,0.06250417728777592,0.48605001145925214,0.16345818375002785,7.492667934880531,0.7974288585641728,0.5099415808448021,0.09273330020081133,2190.1410592900065,2716.3246140949996,1.020913,1.0218170609368005
105856.77+305337.5,4.572022391397143,,,,0.1283150908526568,,0.5441242207055027,,3.6374456303716856,1.6076023934199841,-2.889788690591982,1.277168564853289,0.2020110999609476,0.08928065483179158,0.8269514524937672,,3.6997522374536036,,0.685537836599635,,3447.0539225899993,1824.4297571150018,1.332636833190918,1.3348114921804164
142159.83+533747.5,3.6354816316597236,,,,0.22462773736610311,,1.164886896086617,,,,,,,,,,3.6354816316597236,,0.995919174290192,,3841.582446970002,,1.01,1.01075262938875
114249.08+544709.7,5.551893391691924,1.2768967922762342,-6.992145921696433,1.6081448379218013,0.18904139578095125,0.04347820371359056,0.3181099429124655,0.07516863978679658,4.628286718777447,1.2211403057178591,-6.60386681519595,1.7423829662304422,0.2142334942285608,0.05652397323957785,0.4908989537902689,0.1330983469955382,5.944048211840439,0.7392427411344064,0.40450444835136723,0.0764288793263742,1811.121688365005,2190.70826349,0.4819724,0.4810635719218181
125121.56+611941.5,4.126071683498149,,,,0.12610160948233723,,0.5708749567695718,,2.5063485703756565,,,,0.17521771686544432,,0.7394053765826233,,3.3162101269369026,,0.6551401666760975,,2016.967025845006,5097.438183304999,1.573117,1.5697835439829515
130200.46+285847.0,3.1422025222515226,1.094209623277618,-7.074185827635084,2.463444718994735,0.17366306570222556,0.06047471362956843,0.34223772028097865,0.1204211254123207,5.047719005982117,1.735324987689113,-3.55918893194877,1.2235921774166818,0.15313691065707669,0.05264601838688045,0.3385200623612605,0.11944344922053618,4.705824071954373,0.8578456013740873,0.34037889132111954,0.0848056380897943,1825.3694305799945,1983.656504080005,1.776174,1.7742836766970256
162818.98+313536.1,6.553102014481747,1.1300472395837535,-12.450928584804059,2.147095748916861,0.16569367482039854,0.028572984127744804,0.6473303534142658,0.12560519268373393,2.544287092177327,,,,0.19572745746033413,,0.8744928457462116,,7.182772563821044,,0.7609115995802387,,2012.347998410005,5097.302365110001,1.2531524896621704,1.2552437913351888
120010.95+571020.3,7.131321534595272,1.325729699179775,-8.193354008257339,1.5231640716164783,0.17048725891354122,0.03169398846721064,0.3567074429492738,0.06885256992286562,6.484409556951276,1.4146816933281638,-6.480120186258255,1.4137458958369629,0.1551540288993768,0.03384942952820747,0.29543892007088884,0.06542283814109147,7.0723013215155355,0.7105275230323719,0.32607318151008136,0.047489009611220975,2537.2594840349993,4539.480862235003,1.507276,1.503940622488288
114249.49+531937.6,2.4532223082214584,,,,0.15004103249033268,,0.7021509807547521,,2.0372164445805274,,,,0.2302661482423406,,1.0743222619747816,,2.2452193764009927,,0.8882366213647669,,2016.7651831299954,2384.4524667299993,2.253,2.246877354350348
154351.25+435220.8,4.360057632074836,,,,0.09448617202725218,,0.3728970356190549,,3.2261320556003175,,,,0.3161347577859436,,1.5565993409654881,,3.7930948438375767,,0.9647481882922715,,2193.4332022200033,1820.599021889997,0.7597995,0.7600327324994309
115838.31+541619.5,27.54044268968238,1.3180719574828716,-32.0733829354441,1.5350162343126117,0.7576016295071135,0.036258439054458455,0.6037559035623848,0.03105625095485253,18.674315023518055,1.3686744448417194,-19.983450360637267,1.4646233499821641,0.5763158627228747,0.04223923568132606,0.6521765818685433,0.05155508716956314,24.56789775232045,0.7120384390072353,0.6279662427154641,0.0300932622709471,2537.112666424997,2384.6257732100057,0.6103,0.6102552258401017
125754.22+330310.1,6.7937635209915745,1.496443124846569,-6.102599053865918,1.344202277520539,0.17899422387086605,0.03942655273048285,0.3233399758192604,0.0721424450762016,6.621718657541861,1.3941599666856226,-6.816444233195531,1.4351581751729248,0.17172851895921637,0.036156327179268845,0.3039115360222627,0.06588242661758559,6.583631366398722,0.7092946667846562,0.31362575592076153,0.04884932578499501,2901.169124580003,2353.6626849299937,1.0823384523391724,1.081694099775296
121513.24+553411.1,3.1254603980588436,1.3099038712533908,-3.6940566085972657,1.5482068034635927,0.1988782215653051,0.08335135281131086,1.0032466352284422,,2.6986838361556984,,,,0.19349814271333568,,1.0384401004876602,,3.172733614270603,,1.0208433678580513,,2550.8373464199976,1464.5433790399984,1.711,1.7065550849404414
123551.98+584034.3,5.812812063719242,,,,0.16468335915661295,,0.7441665367968432,,2.687027267839013,,,,0.21801752269809557,,0.9589501207735827,,4.249919665779128,,0.8515583287852129,,4365.931087560006,3811.405690370004,1.467,1.467147034412719
133539.90+313638.0,8.54050372161745,1.3581198371171295,-9.293651035903757,1.4778861109979877,0.3883475905063052,0.061755440142044295,0.18240677363667454,0.029110627470419426,15.34117455154071,2.6802863081098263,-6.169161847980739,1.077826210640154,0.39846138221192273,0.06961595955153738,0.22145777365613767,0.038874949968121866,9.836122789260664,0.8794274018799011,0.2019322736464061,0.024283175074243876,3632.3728098650026,5094.703821809999,0.804183,0.8036013974414317
100618.17+020521.7,5.91734206059507,,,,0.2272131959499774,,1.0333655005298903,,1.2164798704819482,,,,0.11551289183260421,,0.46039979805220377,,3.566910965538509,,0.746882649291047,,1633.1993081600012,3112.5856944100015,0.614064,0.6138479618196775
115500.45+274821.9,6.026548655305094,1.2740176484214027,-7.634533133713322,1.613946971331027,0.19563550149961867,0.04135751585592534,0.40389442123498426,0.08785705016993059,6.344801742723926,1.425590886902649,-6.244722153280904,1.4031043606942384,0.20163972685628379,0.04530571146269546,0.4637465798210878,0.11078144810815256,6.562651421255811,0.7171539678904761,0.433820500528036,0.07069545690760651,2756.1709586399957,1618.913298655003,1.703241,1.7080172636785362
125329.68+242104.0,6.67267652512298,1.4754006779767805,-6.15102398774506,1.3600576811421625,0.1613476352707781,0.03567570068355276,0.17393345443042094,0.03882158232258382,4.696562996769254,1.3521226006302203,-5.160635959743636,1.4857274393198614,0.13521551361662631,0.038928031422687255,0.1600778542789378,0.04655307911713365,5.670224867345232,0.7098497027404429,0.16700565435467937,0.030308020511554602,1619.126486919995,523.7414861100042,0.993,0.9894942086761904
165251.01+330518.0,4.277635979743917,,,,0.1869407210333528,,0.881300759240684,,2.28842935520482,,,,0.2717577697228122,,1.303427030505107,,3.2830326674743686,,1.0923638948728955,,1462.0038342799962,2543.517884009998,1.9651460647583008,1.968810329922203
160932.30+554344.2,2.9348830737443423,1.702594811392608,-2.129844344900606,1.2355728795952516,0.10465085657330192,0.06071042727510613,0.44746948185776797,0.270382496570276,4.360216200890905,1.4034507303698145,-4.427873034778075,1.4252278690617115,0.304442623048685,0.09799289805539385,1.3360110492548318,0.511748676817278,3.4632041635784816,0.7257073215102837,0.8917402655562999,0.28939307294569533,1825.635282504998,1458.0841160900018,1.6849571466445925,1.68847296069107
142632.85+331037.9,11.348037829043196,2.1087591587708876,-6.112355789651168,1.1358339166005347,0.2344168226076465,0.04356071323437984,0.40495720986037775,0.07678004634597269,,,-6.119097820935348,,0.161218734233544,,0.3554023666628536,,7.859830479876571,,0.3801797882616157,,3811.9341312349934,4730.089039949999,0.821,0.8219678214851763
022707.54-043203.2,1.4421885793782734,,,,0.14439385045376565,,0.647693217977795,,,,,,,,,,1.4421885793782734,,0.5015477923203243,,2744.081344860002,,1.5253965854644775,1.5194067867410683
143520.47+353303.1,3.5439823477867876,,,,0.15029727317024044,,0.734127759732343,,2.360230081007817,,,,0.18604370955970168,,0.8624216932428365,,2.9521062143973023,,0.7982747264875898,,4380.273374785007,3079.9996029350077,0.50683236,0.5067464020723851
125824.23+253458.2,7.1075887188876585,1.5804933579249976,-5.8072736214267175,1.2913461582164243,0.1479507980040201,0.03289937878983692,0.1973047848857701,0.0443097218801618,5.107766719833174,1.5227206802001252,-4.447967745311559,1.3260222798253107,0.16400497882960663,0.04889294805691172,0.2559539527762603,0.07772391848845661,5.617649201364777,0.7177459295986812,0.2266293688310152,0.044733541549651354,366.8324319500025,2031.3244728199934,1.0994,1.0990670992920242
161931.63+542826.4,4.059069852685835,1.1864295760123462,-6.357719637537056,1.8583042144439468,0.17103885287432694,0.04999311691151422,0.6694453669143948,0.19940762688661087,1.6414789795947204,1.047118763073096,-5.285266194560263,3.37153351883093,0.11848799044663766,0.0755848838381915,0.4458399711505924,0.28742137269127427,4.335883666094468,1.0405709269686152,0.5576426690324936,0.17491029639524242,892.9118450999958,650.3162210450027,1.123824954032898,1.1247027969072334
101658.66-000708.4,17.079321248127673,1.4572693980580873,-16.112322732242372,1.3747615908276496,0.417411186515392,0.03561503057872867,0.6486110529861832,0.06399258779548007,7.61259070648394,1.3284198438160157,-8.705368094402894,1.5191127659704315,0.3103383409315811,0.05415496856271477,0.8764764747977541,0.17425883394057193,12.377400695314218,0.7108976019490277,0.7625437638919687,0.09281863026770279,2551.386447365003,2711.1094524999935,0.33758,0.3369659231115549
140337.00+055146.3,4.44025975272926,1.7858456474335311,-3.0009670410085625,1.2069708140345814,0.31579896093919624,0.1270124342411827,0.9037139803219587,0.4066165352761518,,,,,,,,,3.7206133968689112,1.0777317874114816,0.8900952275598564,0.22119174259356397,1621.061627480005,,2.374,2.3729658258101223
132925.21+325100.4,1.6384464444332962,,,,0.19032123326215647,,0.7985597603179488,,2.3089060176806986,,,,0.16188735762825002,,0.7333606074297643,,1.9736762310569973,,0.7659601838738566,,3107.793059800002,2743.7441115949987,1.769073486328125,1.7677740833992144
155921.70+435700.6,11.49849981274768,1.4490829966090912,-10.964179196820089,1.381745958570444,0.19998898567024892,0.025203343337238893,0.25259605754878783,0.032319505641236174,15.046680505639648,1.5033537183303642,-13.404263281382674,1.339255461561298,0.2754023053752843,0.027516174060285694,0.3651508883040786,0.038593336451901314,12.728405699147523,0.7098741534079666,0.3088734729264332,0.025169406346711633,3083.4503625949947,1464.348597049997,0.656554639339447,0.656689874224145
100054.79+014602.3,7.084382045264929,1.3986570922896007,-7.244662247397211,1.4303009308112347,0.18134178052567268,0.03580198891591134,0.49902025297361335,0.10319268369778029,3.5389886831448947,,,,0.21750361299235477,,0.8932459578701173,,5.9560109919356785,,0.6961331054218654,,1617.634293819996,4017.7519910900082,0.3499620999999999,0.349427043435541
121751.29+521941.4,3.949834834344404,1.7496782086607716,-2.7510631277213844,1.2186522746142106,0.08911645349484748,0.03947636376014347,0.24287242527369074,0.1081442637092914,4.402766722994147,1.2834829765142408,-5.472216788278201,1.595246247063052,0.11151370829736806,0.032508182979613436,0.31090873347686543,0.09294010201570355,4.143970368334534,0.7390291917464832,0.27689057937527806,0.07129699211031651,1459.3120484899991,572.9870161500003,1.3495533466339111,1.351899381465188
110432.50+322507.9,5.6102688841652455,1.1872233700689392,-8.767122568796067,1.8552645188381576,0.18174693116865398,0.03846058158295242,0.6012948681885751,0.13627376336574357,3.903584718419789,1.1964424179995508,-5.942730866478979,1.8214374223416192,0.22542456209268658,0.06909226457261165,0.8486054035925941,0.2836243762188887,6.05592675946502,0.7746214603111286,0.7249501358905845,0.15733191456870438,1098.159639929996,2190.769661145001,1.3110493421554563,1.3105692452054092
123827.14+571105.8,3.9467343076794714,1.2642586463872427,-5.102232801277249,1.6343998435222857,0.1057643026137984,0.03387951243599924,0.43347012400556295,0.14621644708930537,2.112746063362933,1.1853044879541919,-3.3200785088459495,1.8626488176394478,0.141765282849316,0.079533943482977,0.5846210353628042,0.33637370656852555,3.620447920291401,0.7559770218270756,0.5090455796841835,0.1833892853127386,889.5577234950033,1826.7245603649935,0.8685947,0.8693339446070963
165212.28+332603.0,9.759747263423387,1.4612647334495785,-9.15976393658745,1.3714330551797072,0.27518652885572936,0.04120192448469531,0.15712578999339608,0.02365735575474759,13.374959841019553,1.705794353397724,-9.678454303035947,1.2343553099205515,0.27526625544524896,0.03510646983622257,0.18024260937696907,0.023334092371289965,10.493231336016583,0.7267001897823663,0.16868419968518256,0.01661437892383117,1459.552046145007,4730.219254839998,0.8098810000000001,0.8110149424389635
103556.74+325559.9,4.321362573907982,1.1952902218074426,-6.599856388374097,1.8255223141859243,0.12919322941844985,0.03573488713490371,0.32618214667930595,0.0927640552506206,2.0473520241326844,1.1117240197506102,-4.215029959312485,2.288785706855286,0.1195464386829519,0.0649144093409058,0.33484295150405324,0.18335602097372916,4.295900236431812,0.837993166064569,0.3305125490916796,0.10274312674561108,4730.161669130008,3474.495340549998,2.6828508377075195,2.676965431594991
132533.64+202124.1,8.108353377213296,1.3162733560584645,-9.4734127259114,1.537870906947072,0.20586716428269236,0.033419542862320226,0.6251832422821997,0.10981992372337081,3.076533864169621,1.0713249842915384,-8.004177955522422,2.7872522133869677,0.2635283718665456,0.09176707987464428,0.887426110181448,0.33462439197853344,7.165619480704185,0.9018777147326238,0.7563046762318238,0.17609223389576992,892.9363331249915,927.5705408100039,0.888,0.8878916981061148
122628.41+590518.8,4.2110997944301305,1.3428377385656196,-4.698725963041828,1.4983322301447632,0.086358250305173,0.0275379647140315,0.36755644380624014,,4.203404399104967,,,,0.15226446209115982,,0.7104004406330946,,4.371076718858975,,0.5389784422196674,,886.852120329997,3444.3148228599966,1.0647060871124268,1.0611984564216368
113849.79+505517.7,9.627980859155441,1.1690271165372779,-15.901003605688361,1.9306960272496128,0.249196257728589,0.030257349582006425,0.2696260924810087,0.03340306349153152,6.9024603131432825,1.4773153868471005,-6.347614607781739,1.358563223028665,0.20056057927741966,0.04292545213151294,0.20547079002040478,0.0443358862078376,9.694764846442206,0.7550813835283805,0.23754844125070673,0.027755339380259838,5097.523560790003,3110.453092890006,1.148282,1.1470279471213598
153617.46+312214.0,2.627459671704183,1.2020546482154988,-3.9390145923661786,1.8020869553713672,0.2210646262384093,0.10113638065985878,1.1249664182511794,,1.6049537854036338,,,,0.19598975269261967,,0.9980170264443141,,2.723809349824665,,1.0614917223477467,,933.6131139100034,3652.742549169998,2.018754,2.020732119832462
130028.50+260546.1,16.60261458570011,1.197570842031658,-25.196697311922957,1.8174745827230174,0.6322576688896306,0.04560566921581642,0.3987626938565888,0.029883457002647083,15.044928075343481,1.2581438234361673,-19.70531797253374,1.6478725569063921,0.5518031215262045,0.04614496564053139,0.4219770321593879,0.03771139865894673,19.137389486375074,0.7514901706270186,0.4103698630079884,0.024058109813756494,3842.2802690799945,4017.517835599996,0.5884,0.5884708379455901
125512.26+255545.8,3.8587150775178953,1.1603330305600856,-6.556481774642462,1.9715636460716564,0.2373106223054418,0.07136037464079806,0.9825120215165304,0.30978294861159444,2.5846581162001145,1.0354024334742755,-9.628561370410564,3.857158442462117,0.2117114374892621,0.0848106510477253,0.9688328064781028,0.4981665950138128,5.657104084692759,1.1506293224204893,0.9756724139973165,0.29331528754829245,2191.7029127699934,1464.6232361899965,1.962,1.960963503074764
143118.42+325131.6,25.871964613619486,1.5782063862485851,-21.18991070530041,1.2925981037225849,0.6765925089790239,0.04127257572069101,0.37926929776091994,0.024570403747504646,18.950040839013923,1.6029286867395927,-15.126764356219882,1.279528879653672,0.525209481080209,0.04442593823005659,0.4329494967184377,0.03876410227188564,20.284670128538423,0.723192565295697,0.4061093972396788,0.022947550878364992,3634.6673297099987,3447.0180000099936,0.334864,0.3344900109548236
123552.22+610237.8,15.696489553120212,1.4029312279649746,-15.95204627910421,1.4257725460944903,0.3012778253555586,0.026927808797902235,0.3735833180397198,0.034224229618339576,9.871011349757941,1.2630785736639705,-12.792902664802265,1.6369590387794146,0.2097936265806537,0.026844851579649106,0.2901996546769917,0.038242836319798544,13.578112461696158,0.7192029338739654,0.33189148635835575,0.025660341106227207,2557.7987476900016,3843.639766389999,0.90238,0.901807222919649
092244.29+325031.5,1.8256579676739118,,,,0.23717951912558852,,1.0609568775534743,,,,,,,,,,1.8256579676739118,,0.675578266115233,,2191.270077690002,,0.7164,0.7167108986563824
163057.82+331422.9,4.003229206624371,,,,0.18529558741996366,,0.992396887596596,,,,,,,,,,4.003229206624371,,0.6412982711367938,,2922.1228854900037,,1.6078526973724363,1.6071941511167156
095842.05+324014.5,11.524889813510459,1.3641316504173917,-12.421434067720265,1.4702501828248549,0.30818650925239477,0.03647817708504311,0.4932125305512227,0.06261434960627385,7.925091452233107,1.1459956170889163,-14.15858844658126,2.0473808285677095,0.3593772601722588,0.05196719400919764,0.5976612763856209,0.09278784978343436,11.507500945011273,0.7716688478283853,0.5454369034684219,0.05596905806794024,2547.586405089998,2914.6716423899998,1.3288870000000002,1.3266032662386609
161547.57+534631.8,3.8305984879461943,,,,0.18079818174887716,,0.9777196790115608,,2.739993178633261,,,,0.23337179738962155,,1.358792152362322,,3.2852958332897275,,1.1682559156869414,,4933.349891809994,4179.100476669999,1.12510085105896,1.1255649158266914
100254.95+371247.5,6.625714099884104,1.547298930063655,-5.611518977026701,1.3104545681102036,0.12197439967799284,0.028484606379290678,0.17349583905527058,0.04087872469645535,8.496853512213692,1.5545414888428952,-7.13895474103538,1.3061071743744663,0.18354472955864298,0.033580418533427525,0.2180954144828201,0.04072619040929225,6.96826033253997,0.7173710836076825,0.19579562676904533,0.028851744826190826,1078.8344913300025,4366.393691559999,1.662711,1.660719793856347
100631.20+020904.2,10.708574307265765,1.4317048904232346,-10.451598943169321,1.397348040021072,0.2497282223881463,0.033387928869973035,0.48005153837863834,0.07206537496184873,5.080368940468105,1.1822851384556121,-8.054969002161625,1.8745233374918724,0.2508788085565356,0.05838361158127091,0.5772562962929613,0.13892445338822795,8.573877798266205,0.7464079116687474,0.5286539173357998,0.07825187221020621,1462.58375772,889.2462309200055,0.740843,0.7397763611913234
141449.16-014458.9,7.419731323055465,1.4768350186711237,-6.827403468005388,1.3589371486830129,0.2819027588298063,0.05611036949629263,0.31269397783242886,0.06311144138580028,6.660634595290874,1.2490611817635167,-8.89942508710942,1.6688990001312838,0.25424763446605025,0.04767876787465096,0.3255080012088678,0.061996847613459666,7.451798618365286,0.7234090109885851,0.31910098952064836,0.04423421511624188,2011.6310081100019,2718.958356969997,0.806516,0.807426478872544
085523.95+315934.6,4.158934943100951,1.2250825976388828,-5.8767619487144565,1.731096757303062,0.16710977026122303,0.04922492759403733,0.4098473568264754,0.12447969811277208,2.9946630758492274,,,,0.3416658401113086,,1.3443305302694701,,4.343453322554878,,0.8770889435479727,,1984.0894149950036,1629.476763339997,2.313,2.3112288222229047
142754.30+344651.9,4.325969853525629,,,,0.11178703405546947,,0.4940965101772325,,2.2289312749237893,,,,0.18857307435574622,,0.8471969729295912,,3.2774505642247087,,0.6706467415534119,,1462.4702731100042,1826.3253259699995,1.757463455200195,1.7586030821739405
140959.26+520912.0,2.69486556582781,,,,0.1604137182881796,,0.7597350514963735,,3.252516684437178,,,,0.27224273577889735,,1.2130002590527689,,2.9736911251324942,,0.9863676552745713,,5097.1704574749965,3289.2432501799994,2.58,2.571513410293006
125449.57+574805.3,38.0015333704029,,,,7.81653910487301,,45.923487743737475,,,,,,,,,,38.0015333704029,,23.568244001395122,,3268.2320060899947,,0.80717415,0.8038781947309305
120800.48+524123.4,3.761527854386175,1.3567854659470242,-4.10204744533254,1.4796110968479146,0.08567215961176017,0.03090200192509229,0.3228939689528454,0.11854145278002635,4.039773941293949,1.3014893919203956,-4.849718789102299,1.5624284055339903,0.10585197762374898,0.034102211656669545,0.2620617066570621,0.0864618151202807,4.188267007528741,0.7143691691897379,0.29247783780495373,0.07336164103448889,731.1470149699962,1253.6282705000049,1.9044448137283323,1.9040774391233013
122407.54+552113.3,2.2402857832233782,,,,0.15260567478305467,,0.8020305783765332,,,,,,,,,,2.2402857832233782,,0.5320461425167977,,2545.9116713699987,,2.202,2.200111305115602
164327.68+301656.1,6.916784378280905,,,,0.1415939829524569,,0.615835613449633,,4.605810962664705,1.083828622144029,-11.01993278871145,2.593184711080471,0.1730796191373557,0.04072868961654553,0.7467079512427801,0.1999418857033448,7.51417604321902,,0.6812717823462066,,2182.4625160700016,4911.502312535005,1.6362720727920532,1.6382942056605714
023657.09-034629.3,7.607967687049122,1.7559169257684655,-5.271067326895489,1.2165609420129981,0.25752357489632627,0.05943637283247346,0.469934619375835,0.11157932630661889,4.165132075229162,1.183023279792746,-6.589408426739428,1.8715909671282966,0.20958257136416447,0.059527778827755326,0.5024117804801921,0.14728680235666602,5.9083938789783,0.7691578838492602,0.48617319992801356,0.09238959385056648,1655.184873380007,1255.3130624100013,0.8189619,0.8182883757996736
155156.37+433513.4,4.191430026177282,1.3999863413590963,-4.277945569159187,1.4288835381948977,0.24873393845743283,0.08308002621970323,1.2267486066973543,0.48532033925396534,,,,,,,,,4.234687797668235,1.0002087184328576,0.8645801935887731,0.25358885713001844,2720.960484479998,,2.239132881164551,2.2388563573205458
143428.81+340434.9,,,,,0.18300610057900163,,0.872340856244864,,,,,,,,,,,,0.6873763183625281,,187.58266845000617,,2.274,2.275361061346316
163100.78+333014.6,2.5309229736403758,1.4296300717462642,-2.4772025299715263,1.3992852676821281,0.14639534394124015,0.08269362135545293,0.6387746043700295,0.41029821321279464,,,,,,,,,2.504062751805951,1.0002301488149457,0.5705931924251109,0.2179667554433838,1826.9229674449962,,2.0359890460968018,2.030420490237894
074024.87+304719.5,2.4086444360201824,,,,0.15984353342677898,,0.7143566242310498,,,,,,,,,,2.4086444360201824,,0.608384202355621,,1632.02914169,,1.20797,1.207695895302639
101421.07+323146.9,3.711892785961974,1.1907931105608072,-5.7413417146085175,1.8418501161960104,0.248833004138818,0.07982682800787361,1.1575195849173843,0.4395910675023581,,,,,,,,,4.726617250285246,1.0966312145259156,0.8299656826987882,0.23180471779944123,916.4167578400011,,2.098767042160034,2.0998824680295147
141721.79+534102.6,33.25271350210715,1.40794162891627,-33.55097151144588,1.4205700680203175,0.686819458655836,0.029080384893401614,0.4113986983585757,0.018217630350332782,22.00552759367894,1.6021001913252055,-17.580668927286048,1.2799508183625972,0.4537519196632851,0.03303515601759739,0.32308975664124223,0.02406856409943586,26.597470383629506,0.7161231593213381,0.3672442274999089,0.015092861171676651,2553.991468084998,2716.5810497949933,0.19328955,0.1932052629813797
143857.12+342719.2,7.075488578865449,,,,0.1865690239392301,,0.7904239328765801,,2.9519900794086675,,,,0.3348770886588498,,1.673362909393154,,5.013739329137058,,1.2318934211348669,,5272.190728209993,4002.1971968900034,0.57133895,0.5713808611484498
135756.64+033823.9,5.854369087982067,1.1574544335410146,-10.04458124993573,1.9858920621638587,0.16041733313254242,0.03171575803654829,0.4909887913788719,0.10821035693036365,3.2253053368460436,1.1986402054872158,-4.880453447348827,1.81375315266166,0.202330069165561,0.07519317718861517,0.6239719487138565,,6.001177280528166,0.790960922284159,0.5574803700463642,,1097.5598052400019,1826.6325362700009,1.34954,1.3461301990953494
131630.87+211915.1,3.525546201074327,,,,0.2110418216450781,,1.120440095241699,,,,,,,,,,3.525546201074327,,0.8722060219777779,,2904.301150219995,,2.211,2.207257711844981
113818.13+493823.4,2.0061073075337927,,,,0.17662498760902764,,1.0766458472260572,,,,,,,,,,2.0061073075337927,,0.8503088979699569,,3080.36215773,,1.9638785123825075,1.9626132579406508
125715.83+310029.7,1.9609553239404305,,,,0.16868382869172419,,0.9075985886814745,,,,,,,,,,1.9609553239404305,,0.7657852686976655,,3478.5471573800023,,2.396,2.394199188856956
085932.52+325742.6,7.23129991773621,1.5902574940481058,-5.848226036796115,1.2861014461717608,0.21555415695133362,0.04740318025315575,0.3756442745327909,0.08370053789930781,4.876303940880637,1.3132204149548656,-5.728715158574177,1.5427803083870897,0.1768242499645013,0.04761992232800186,0.3205136979275661,0.08790526868314263,5.921136263496784,0.7197089153532163,0.3480789862301785,0.0606900245239878,4937.166467604999,3284.071960479996,1.213623,1.211239719107806
160939.13+563909.4,25.815941250015072,1.368494421848281,-27.6335271513306,1.4648440433124579,0.43508620319709523,0.02306377429093448,0.3363533868526599,0.018356038468052643,18.221266703397973,1.4968942062731863,-16.358614857262975,1.3438756043192628,0.30040427854943597,0.02467849416947891,0.3988510733505322,0.03370261511989621,22.007337490501655,0.7099841089118011,0.3676022301015961,0.01918860608642851,3444.733716155002,1460.6128893700006,0.5227110981941223,0.522890989978021
165231.29+353615.8,10.729668360391203,1.3930629133418928,-11.063134851923754,1.436357802484142,0.19159084707482,0.024874776612942646,0.35858744133177767,0.048530222231646214,4.306961957295723,1.2004476066851681,-6.48507617788397,1.8075372511067849,0.1077079820484288,0.03002064809323497,0.21895384627889247,0.06184962384088017,8.146210336873663,0.7379029995458624,0.28877064380533507,0.039308263886590505,3447.2072608450035,932.955810169995,0.927977,0.9274734278146192
100523.31+024536.0,5.937815125305885,1.4378213644756033,-5.747477201120164,1.391731695449394,0.21009200733576341,0.050873051834426135,0.8746414424361418,,3.3873844140736056,,,,0.2310705638512672,,0.8073269170351728,,5.024225580166552,,0.8409841797356573,,1826.743555299996,4542.708759510002,1.4816200000000002,1.4813788864441972
164750.17+342837.4,2.1331629938935386,,,,0.14842091082731798,,0.8145461390681791,,,,,,,,,,2.1331629938935386,,0.8109365280516759,,2002.1568615900032,,1.815733551979065,1.8172831873398545
160045.66+542300.8,1.7139093131736844,,,,0.13970414130124517,,0.7831226456463513,,,,,,,,,,1.7139093131736844,,0.795224781340762,,4747.145655870001,,1.9250036478042605,1.923342842673876
102017.31+334422.8,1.7338113471589836,1.3924235799574238,-1.7893910307260719,1.4370596137982437,0.11196212057124577,0.08991675882205624,0.4555031737616798,0.3845993004051435,,,,,,,,,1.7616011889425276,1.0004978460285916,0.6314150453984263,,2919.832644369999,,0.6059651374816895,0.6061621141175856
163710.55+215416.4,8.407333704500157,1.5080318358510398,-7.448113724514764,1.3359755908814737,0.1661849194700296,0.029808754833295353,0.38762507762750725,0.07224283657905159,8.525675803445633,1.4186903276842062,-8.472122294215147,1.409778911473877,0.16377319021688985,0.027252202200884323,0.3502253842152988,0.06061677767243576,8.213311381668927,0.7097160357527047,0.36892523092140306,0.047152468579007234,2909.568928740002,2922.129750934997,1.401497,1.4028993310391369
142744.43+333828.6,9.570500494278294,1.8807241077881875,-6.008469684810457,1.1807401079905244,0.13743103549665758,0.027006932581152242,0.23190230229747844,0.045908807106343236,4.623809868947388,1.336298985894414,-5.216425130694265,1.5075670950388291,0.13631119907423062,0.039394465224932146,0.28565131288555967,0.08372070914381854,6.354801294682601,0.7495717067924274,0.25877680759151905,0.047740904132282866,4380.051936219999,160.3723248049937,1.242162,1.2388492466976198
132735.80+323213.1,6.057411314765188,1.3850356986072636,-6.321048520903623,1.4453167201540014,0.17777717971091,0.04064900458338351,0.45592827226538524,0.10834219205048333,1.7147272317668043,1.1169096519669648,-3.4468207569525515,2.2451310626668457,0.12545722269098825,0.08171817670857985,0.44279259496677137,0.2936229559621395,4.3850019560970415,0.8021597786282106,0.4493604336160783,0.156486797243608,1095.561928025003,3273.349776654999,0.5720134973526001,0.5717727598074129
123223.14+581010.7,10.23988025874152,1.5755438851989567,-8.410487679502832,1.2940671277547153,0.1725805491655058,0.02655384848957287,0.3407314328150405,0.05443884245395259,7.852748284041145,1.9209856733440367,-4.7877396478937655,1.1712051550151226,0.1336064643614181,0.032683602558104104,0.23202349722756774,0.05837389939361163,7.822713967544816,0.7590642157308811,0.2863774650213041,0.03990958436936472,4732.512477644996,4939.108190879997,1.427728,1.4263349661054328
160831.07+544538.5,8.920274488489637,,,,0.10472385255926983,,0.4831322693886279,,3.2287825467466895,,,,0.2472788820525078,,1.3319611642339528,,6.074528517618163,,0.9075467168112904,,4906.9439174900035,4366.290169895001,0.9036659598350524,0.9047985984216736
103645.65+334834.1,5.300274964177713,1.0951757929953507,-11.86929473780551,2.452507533029158,0.22758274916603757,0.04702456372065687,1.0152191092241816,0.2991187329673114,3.360579903356201,,,,0.15964096111040868,,0.7597117734670609,,6.843383201779808,,0.8874654413456212,,4017.794715819997,4539.225487130003,0.996466,0.996132776404278
162938.68+422937.7,2.5990508263449064,,,,0.2714886204641155,,1.56881643398199,,,,,,,,,,2.5990508263449064,,1.1642641037245256,,3472.066927740001,,2.002,2.0010680633238938
162341.81+444707.4,5.490132183943269,1.2277250659328958,-7.708086629405706,1.7237128084057405,0.11324831845890931,0.02532503673652728,0.3727796851426864,0.08788002985345379,3.7109610059831306,1.2015367190329018,-5.571168990976812,1.8038357449198565,0.14557755301179914,0.047135169334471476,0.5161775847010316,0.16846110580256665,5.6200872025772295,0.7572981812509878,0.444478634921859,0.09500268919255324,1095.3124446000002,1257.0822820300018,1.898,1.89861830807472
110552.06+324347.2,2.4278006251665207,,,,0.19375845829340985,,0.9756203058766689,,1.4422858782148757,,,,0.16777300432613573,,0.680497871206222,,1.9350432516906984,,0.8280590885414454,,3112.4274143000002,3634.02660356,2.0418972969055176,2.043754247879684
125609.79+290227.1,9.845381835228157,1.302286224191521,-11.801677120897317,1.5610528666250212,0.3296741368409368,0.04360725607857881,0.3151412612689494,0.042664991038540594,7.745698933869597,1.2510235246890962,-10.304178750616561,1.6642487824120535,0.28013615411337567,0.045245357701591146,0.2872591289715712,0.047076615208189,9.924234160152908,0.7274793524218891,0.3012001951202603,0.03176676391993148,2922.3553898550017,2554.1146663899926,1.056049,1.0549661256217042
140950.32+003725.0,6.593788209828498,2.853008388977534,-2.467722515543195,1.067737211822974,0.2262027051567076,0.09787366455894768,0.42336826694268037,0.18468080599409903,2.333440044893784,1.028800905201506,-9.653256871155117,4.256067958085936,0.214189222820454,0.09443485244212504,0.6731349395524399,0.3070685649461125,5.262051910355149,1.333516624087344,0.5482516032475602,0.17916340563902478,1620.7734508799986,2381.1884353999994,0.6470785,0.6464963478354367
141905.24+535354.1,2.606865694853282,,,,0.6453446347350047,,3.30987846689186,,,,,,,,,,2.606865694853282,,1.99150670322215,,3477.729518170003,,2.427,2.424578132726269
150220.31+342325.0,6.204053741222877,1.2377947976153538,-8.504802771568974,1.6968261502063826,0.13998632313526532,0.027929213662804167,0.28425357374844656,0.05791793607765664,8.410239170862294,1.68854050035462,-6.181378105155577,1.2410476166625288,0.16882824827039294,0.03389598428973751,0.3965973697953107,0.08238363504199271,7.325118447202431,0.74173458667797,0.34042547177187865,0.050352633104505495,1277.4394095800017,4541.884444170006,1.666679,1.6676962337376258
121947.25+575744.4,3.786620997818532,1.0540021825156416,-11.36961430722204,3.164720816019568,0.618521870209626,0.1721649464021286,3.5235101939247864,,,,,,,,,,7.578117652520286,1.6678113235686536,1.9600537818600485,,888.4932581699977,,2.248,2.2480754023824425
103510.72+082032.7,5.25045167417353,1.122637324774048,-10.29075960558747,2.200342284900293,0.17745871649784273,0.037943741055065275,0.5059618316603912,0.11240819813015294,2.4736756938482083,1.0509019201906507,-7.656023063178941,3.252540079577774,0.13741507677450893,0.058378617861917066,0.42202585259005554,0.18384709141960834,6.417727509197038,1.0543135369997942,0.4639938421252234,0.10774432239138816,4381.925385525006,2921.0108260100023,1.6521740000000005,1.6489348165500115
161656.22+543730.9,17.010502219192052,1.554688768498479,-14.289711162229814,1.306019843666981,0.5137927195291854,0.046958505992085495,0.3821273574715603,0.03660314096565261,10.086387916953207,1.890588178272773,-6.286430127052104,1.1783257375780793,0.29662775312607625,0.05559977744512283,0.3230848272153641,0.061041090315399386,11.918257856356794,0.7535549168197253,0.3526060923434622,0.03558723308801971,2351.529350320001,1095.2479740249983,0.4525412321090698,0.4524616981676096
141349.16+314412.4,3.7323703644465276,,,,0.3168861224649979,,1.947706411630552,,,,,,,,,,3.7323703644465276,,1.135395619422958,,3808.4621931799993,,2.595,2.5876803080701403
133433.88+035545.1,6.688075030040056,1.3019316091459563,-8.022332119489022,1.5616642634116915,0.2450325710574024,0.04769917324447601,0.27355458350089906,0.05381548670982269,2.439472065021631,1.0751983824848685,-6.1753530219036366,2.72178955259525,0.20453339205877985,0.0901481822477002,0.2881834292204296,0.12802185255236104,5.831308059113587,0.8908567195691912,0.28086900636066436,0.06943648417934475,1984.179095090003,2716.795089604995,2.5780000000000003,2.5773922327483905
164613.01+300611.4,4.694035546063347,1.2586127262930507,-6.141868902810418,1.6468205850685749,0.09835870980301775,0.02637294129646383,0.3206515300889193,0.08824280653187101,3.4112498371684414,1.1303661296787422,-6.472976307649226,2.1449127227963745,0.15137783157428553,0.050161196559505,0.5337855320994002,0.18353399352099314,5.180032648422858,0.797437388205615,0.42721853109415975,0.10182278684359554,1645.2899265150045,1625.5480937600005,1.3440229892730713,1.3437783802802294
103642.82+090240.5,6.586979322854482,1.360518848247401,-7.1403348117590415,1.4748125989236305,0.18117342796753794,0.03742077384336031,0.6088560283830721,0.13690842214212043,6.139035919989988,1.448243493365001,-5.860246348444966,1.3824749935109144,0.26725484746492556,0.06304737404305097,0.9116547317709379,0.2351041131421337,6.431649100762119,0.7086399853829769,0.760255380077005,0.13603111782768149,2551.3948525150045,1819.303283180001,1.547013,1.5469088538679523
142754.09+544254.0,4.805666698148029,1.2593669903447529,-6.277733938897138,1.6451350860143386,0.3606736211777996,0.09451767701128191,1.0887664239663069,0.3174485541776349,2.731015860094707,1.229606541951722,-3.8169632483623057,1.7185410927686184,0.2538246660540645,0.11428145638010524,1.0262153794914217,0.5134459986642634,4.407844936375545,0.7398391042631429,1.0574909017288643,0.3018279220407771,727.2866827100006,889.6833319100042,0.69429636,0.6937921610044322
142118.91+510512.3,12.574435675591728,2.6302893112809516,-5.168750209753829,1.0811863673362745,0.2511574517678201,0.052536493714448226,0.28877956887926665,0.06067443236696417,19.65254544966471,2.139557209612841,-10.390023794226346,1.1311537415813586,0.236296435511136,0.025725407606793864,0.274007144793362,0.030562810076143136,11.946438782309155,0.9335617167015668,0.28139335683631433,0.03396863296779731,1826.0072942299958,4936.706321245001,1.056452,1.054309926232302
120057.21-005126.3,3.9596425191739844,,,,0.27455623436726384,,1.3678904796279978,,,,,,,,,,3.9596425191739844,,0.82094881221068,,4384.5439990099985,,2.574,2.5713571542907614
132747.89+050948.8,11.376991621774929,3.1673543091274468,-3.785578606000397,1.0539050312129372,0.3424770861702797,0.09534561602231503,0.43516295477426,0.12186223327271323,7.021130373317818,2.7646388162561095,-2.724064995116991,1.0726272584433096,0.22660373451135551,0.08922743874967348,0.2647108475594203,0.10471569322589833,6.226941399052533,1.1162606705612532,0.3499369011668402,0.08033644924004549,1459.6772913399982,3284.223617100004,1.464378,1.4630067708273222
022334.49-041102.7,4.176086585432696,,,,0.3185993082642785,,1.7744548837569618,,,,,,,,,,4.176086585432696,,1.0195828656581911,,3476.824430410001,,0.9105055,0.9106947317653424
142045.46+544111.8,5.982173252988816,,,,0.15834385849712118,,0.6960194387082492,,2.0473440017332214,,,,0.2653192298803194,,1.2938184535732167,,4.014758627361019,,0.994918946140733,,4017.4373615349978,1826.3764758400066,0.90558004,0.9055066748307582
103604.50+333317.5,3.139059848277278,1.2753854838920067,-3.9655331280791573,1.611177751268626,0.12033326766994407,0.04889084956432523,0.45061570363075126,0.19891867826023296,2.0393664647641034,1.1175951912499527,-4.086758937688069,2.239588723003868,0.17029470035256158,0.09332336365126466,0.7326657230098261,,3.307679594702152,0.8096016975346808,0.5916407133202887,,359.00757395000255,2025.4118469800014,1.0307409763336182,1.0296777150110183
083528.07+315031.1,5.8555468523038945,1.24202863523592,-7.94901848241112,1.6860779746454666,0.1642598935129766,0.03484140704700347,0.6268329840142046,,2.925002486436768,1.3237536006186421,-3.372282106753287,1.526176679102453,0.1238705356199295,0.056059462615088006,0.4134972615879767,0.19035681652000447,5.025462481976267,0.727454161713883,0.5201651228010906,,2182.651125669996,2715.5558227950023,1.107967495918274,1.1101204446524393
084828.97+223755.7,4.921238712932967,1.5036993540233212,-4.382255009313153,1.3390112553069744,0.25978432497788223,0.07937788521171193,0.8559200463922255,0.3086819146491171,,,,,,,,,4.65174686112306,1.0067351798175268,0.6347086539901011,0.18132859814924082,731.2787819150035,,1.5990819931030271,1.5990122123068515
141155.98-002054.8,7.628899181755613,1.3155140547311008,-8.925423046937706,1.539084366293251,0.2580803490097728,0.04450292477113768,0.6003098512522435,0.11142339587210938,8.8308119634918,1.9115961157136405,-5.42043122815402,1.1733547633070676,0.36352097421759266,0.07869098392850564,0.6462999015009356,0.15111088166454284,7.701391355084785,0.7554104441026672,0.6233048763765896,0.09387447963252349,2909.4322963800078,3634.6271080799997,1.632486,1.6321851444675348
162032.90+442249.4,24.37194315651199,1.150588633260283,-42.82677656636701,2.021833138211369,0.7323657608975926,0.03457466294199191,0.3127147910000963,0.01502922169914979,15.019787021601866,1.3116245369409167,-17.696578363108916,1.5453791966269765,0.3834664787472817,0.03348676262159315,0.18803211687182725,0.01653359408544448,24.978771276897447,0.7713713125430544,0.2503734539359618,0.011171808697167612,4383.647060390002,1300.2893020300035,0.5846900939941406,0.5854727899375266
164402.56+334825.0,2.4036073679888155,,,,0.14525532556606482,,0.7626978582982781,,3.911078845303514,,,,0.2721647616037456,,1.5535910111477487,,3.157343106646165,,1.1581444347230134,,5094.210393525005,2724.241552860003,2.086718797683716,2.084142518915629
122915.87+540232.3,2.5210077617296602,,,,0.18148698954220238,,1.0439160357014,,,,,,,,,,2.5210077617296602,,1.2987535234245744,,4572.700519580001,,1.900916337966919,1.900544325980796
130523.65+323152.9,1.7453350282992917,,,,0.07956258991036,,0.4086291153133489,,,,,,,,,,1.7453350282992917,,0.9811100632305487,,1653.3795322799997,,2.345,2.3435589824815204
140503.16+515727.4,5.833557597284236,1.5791438768119388,-4.773121294680873,1.2920837996499717,0.1052423450802582,0.02848909984058244,0.3691569841948981,0.10334271769338288,2.0169799071413173,,,,0.19305303631415063,,0.8468009590196198,,4.207886266368809,,0.607978971607259,,890.5588912699968,4207.32740093,3.545,3.5445340411565334
122855.55+545648.0,4.0026297820777295,1.6885266427965713,-2.941899789000527,1.2410531187289644,0.11794417208519775,0.04975525786076125,0.5753034513727979,,2.265160225741339,,,,0.1810278903672089,,0.8422675250993592,,3.069896598939865,,0.7087854882360786,,2177.844106500008,4645.028497525003,2.2430000000000003,2.2332382245136366
015323.38+045923.8,21.08838525504175,1.9983709839536667,-12.188623678366973,1.1550145541539685,0.5658439163325808,0.05362032465598074,1.2210036769562538,0.1362893737921829,13.318955484293017,1.6660906070088206,-9.99461478918659,1.25024322219357,0.36401973520648373,0.04553584267990019,1.1377048824472933,0.18153466137909613,14.147644801722082,0.7772753387321726,1.1793542797017735,0.11350069018588438,5300.057224724995,4729.285221159997,0.49206805,0.4920566894440356
114030.83+510147.5,3.945740577941079,,,,0.1354441914101893,,0.6367669466309287,,3.119121932417224,,,,0.22669019918962788,,1.056665292301166,,3.5324312551791515,,0.8467161194660473,,2715.777343755006,2557.367517110004,1.9435666799545288,1.947689283008753
162050.46+435145.5,12.569344050377488,1.3103449402860923,-14.844031468748357,1.5474794428861054,0.22989776721335398,0.0239666743820288,0.517791558503835,0.056627434206649147,5.759985505092128,1.134583447207807,-10.746548370974812,2.1168205867092764,0.19641356380308866,0.03868891303651198,0.4953088145369362,0.10046390935489573,10.979977348798196,0.7858079235603082,0.5065501865203856,0.05766208326902759,3083.855614225002,3273.6478022749943,1.2475889999999998,1.248656838213276
082810.35+324134.5,4.7797392122224585,1.3319248555620093,-5.432841544036962,1.5139187239188503,0.1844386556949541,0.05139578101214605,0.7012491828414932,0.20243483561376088,2.051964257558969,1.0608801581861218,-5.793026786014044,2.995036171065667,0.20538096285619445,0.10618342281580215,0.64248802834454,0.33699272982908135,4.514392949958108,0.9408002610650369,0.6718686055930165,0.1965603995134998,2906.4152860449976,573.9619335399984,1.90348,1.9047778063186809
160139.40+445128.8,2.414183604644549,,,,0.19389141388441242,,1.1873505755882792,,,,,,,,,,2.414183604644549,,0.9149193019664096,,2722.81418383,,1.7977168999999995,1.7901354860658705
115503.48+565803.2,2.9496811451500835,1.1655889963799448,-4.925738103496742,1.9464429712768467,0.1360291449703373,0.05375295388286114,0.4519106067903467,0.18422561596177223,3.8991043360816544,1.309879195326723,-4.60865303461295,1.548247548201144,0.13942506923411657,0.046838961401142826,0.4575571643524694,0.19849274694059255,4.095794154835358,0.760759978811307,0.45473388557140804,0.13540536193640607,1095.8456582500003,2396.2498980350065,1.517,1.5176437477481592
164935.94+335050.5,3.635177916547032,,,,0.10785754558888283,,0.47301057084832454,,1.986248577873266,,,,0.20728172625068556,,1.105772435225643,,2.810713247210149,,0.7893915030369838,,3449.4547732950014,4017.4261864599976,1.286610722541809,1.285975845460108
141322.43+523249.7,4.888064368404925,1.4062264063784908,-4.944069835331967,1.42233838047675,0.1075379172638975,0.030937125116620567,0.1702088217977601,0.049324694272008966,5.381537216732344,,,,0.13068963381561288,,0.49561660542607167,,5.071223806823078,,0.3329127136119159,,2921.883031740006,4541.374077249995,3.722,3.717343282788669
140946.79+514637.2,6.668314105667215,1.3025001702112617,-7.990121834914009,1.5606845875990576,0.1504317826050977,0.029383352275172747,0.42126959038368056,0.08412277165793877,3.095883160929132,1.118635089029422,-6.175183980851033,2.2312784827833116,0.1478482490640871,0.05342198999687481,0.584414420754282,0.22073933798894577,5.982375770590347,0.8047589392758114,0.5028420055689813,0.11811275973324362,1646.3281781999976,3632.438940220003,0.4671107,0.4666728754153098
145719.96+351238.1,3.771695439077223,,,,0.24386040081122187,,1.521814599004906,,,,,,,,,,3.771695439077223,,1.053114509879594,,4204.900710719994,,2.276,2.2792449692645165
133248.24+324000.9,4.7403051322802625,1.0488031509557414,-14.991056805472779,3.3168049682432947,0.27726605819884054,0.06134573774834988,1.0902274663817526,0.26646053130134834,1.6225327657824384,,,,0.12774105577583178,,0.5744274511193906,,7.117964901178493,,0.8323274587505716,,892.3327666549958,1650.8601223299993,0.736,0.7366029976049315
141626.48+533406.5,3.740134584426136,,,,0.2318618994587763,,1.3226651573085069,,,,,,,,,,3.740134584426136,,0.9485463042139488,,2558.6901464500042,,1.131,1.131961551074392
121558.74+453842.2,,,,,0.12928269124577224,,0.40342298015277817,,,,-4.283115060069752,,0.21850781104994843,,0.6879736558622258,,4.283115060069752,,0.545698318007502,,190.17322799999238,4939.52194015,1.158347,1.156391402888851
074232.54+175149.4,4.516062829443717,1.4867037297437091,-4.105023194375257,1.3513880395933031,0.1262614738193631,0.04156572021680821,0.3235126031831703,0.10796659994060626,5.622722046887156,1.2838855259527562,-6.982932176830541,1.5944742556687208,0.19479210537820812,0.044478592855821564,0.5080142838428953,0.13277004969199868,5.306685061884168,0.7170794851919744,0.4157634435130328,0.08556382529718783,2552.6786669549983,1614.603416369995,1.8820387125015257,1.884858455178732
164329.77+305239.6,11.832511197467161,1.4137957123945644,-11.839508541865294,1.414631783059796,0.2407751763006929,0.028768780035283773,0.34628360222417814,0.042604515068034844,9.215467673541191,1.5126839016445826,-8.119393898948005,1.3327675683040296,0.21975457940599197,0.036071876800625,0.3512712133235117,0.05912424346133046,10.251720327955413,0.7099508510913759,0.3487774077738449,0.03643768951599801,1091.631782330005,2555.32531973,0.955003,0.9595402302164668
143414.20+524331.8,4.888034484723838,,,,0.10839554632452103,,0.5044657593967622,,1.9295084537357807,1.020235202456662,-9.543154204952483,5.045980412013312,0.1590323902103825,0.08408900334658725,0.6661778900339439,,5.4535657144707015,,0.5853218247153531,,1100.0813064899921,4384.306263849998,1.5533399581909182,1.5568834240251166
081935.23+343715.2,3.715267805463223,,,,0.15975619113546005,,0.8342149198571265,,,,,,,,,,3.715267805463223,,0.7501964049455352,,1991.2012834400084,,1.8034463,1.7993653415975197
113535.58+541907.8,3.634485180774009,2.360348834726745,-1.6999086202855453,1.103974051746842,0.09961418193517282,0.06469257860692956,0.3993388353465727,0.2641604255956962,2.7360227003733897,1.0887363681885223,-6.355168313462911,2.5288908852554925,0.16112982147498825,0.06411785129399793,0.6478591615591305,0.28878553830453996,3.606396203723964,0.9477157181042901,0.5235989984528516,0.1956896890390129,362.1315787499989,2190.6567664800023,1.948,1.9485654250579287
154114.33+311831.2,1.866970691105567,1.0398977298775538,-6.544239879000601,3.645124278794625,0.11855329144238408,0.06603386931984581,0.34989198796569937,0.19553127902845663,3.617516291651034,2.2674164297075214,-1.7776595285916552,1.1142159693537241,0.1255877983762156,0.07871694678092588,0.37072513300427296,0.23323732348798065,3.4515965975872147,1.1388308914335403,0.36030856048498616,0.15217763481072136,2922.903404440003,4908.68052604,1.207482,1.2092446608888148
154515.89+432953.0,6.247153276528567,1.1641694293287015,-10.480702377555998,1.9530997185046477,0.17394296482851157,0.03241461720828401,0.12078895124294813,0.02260113708192938,7.391782763764966,1.3568276173619704,-8.060390001696218,1.4795564359144193,0.1659962041792553,0.030470082983465728,0.15031521194618241,0.02827300634362681,8.045007104886437,0.7582857888396362,0.13555208159456528,0.01809816485933674,3450.3821672999984,933.9922385250029,0.908074,0.9077127094183388
172846.07+575028.9,5.003824166218987,,,,0.11667769954465523,,0.5823823419528497,,4.137948853038693,,,,0.14134663784254575,,0.6982164413990547,,4.57088650962884,,0.6402993916759522,,2376.6061102800013,1462.307281280002,1.719961,1.7149336444120364
125817.68+244013.8,12.553174679681199,1.2894442367434575,-15.420770856875082,1.5839996347476961,0.3863177714947459,0.039682011659709235,0.6860644893470077,0.07518256578688534,10.226442489290857,1.4866967552467871,-9.295739421911833,1.3513932778332476,0.3111829664543912,0.045239065980206196,0.6910673788577649,0.11057248018122916,11.874031861939741,0.7162511917959529,0.6885659341023863,0.06685561227699523,3842.3120403549983,2917.2658954500002,0.9796,0.9750363198338976
155926.49+153004.1,5.917875770179787,1.108376273237604,-12.380114963073371,2.3187079651399114,0.2139495394528783,0.040071235424477096,0.5045818732914381,0.09824972945462532,5.805092985143971,1.6149835978020362,-4.577653641241553,1.2735085494656424,0.17092844733436813,0.04755249219077367,0.35360553823338875,0.11004534913036623,7.17018433990967,0.8229102562480249,0.42909370576241346,0.07376141979912545,2746.938388970004,719.2100456499975,1.5543,1.5495728102828767
160439.71+545228.7,6.578572785684292,1.610049386930556,-5.213445333982292,1.2759461264972591,0.13712356433224038,0.03355981880557571,0.34876451711417256,0.08701991829662799,4.636121009548168,1.4933546575276346,-4.180065799641144,1.3464533643125183,0.10930375827310235,0.03520815702744573,0.2595014344874735,0.08460808329322828,5.152051232213974,0.7186507471255942,0.304132975800823,0.06068565303864181,1300.9101109699986,1447.1207994799988,1.6132696866989136,1.6122626319113578
095701.58+023857.3,6.5490336455351645,1.526873196441445,-5.675870062404125,1.3232996398907808,0.16645798174529347,0.0388088143101697,0.2530025036354598,0.059779731977390255,5.605013908392187,1.408840071377692,-5.648016845155532,1.4196490116389129,0.17731655990078332,0.04456914451773863,0.30623439556586884,0.07858635256732667,5.8694836153717524,0.710752126180131,0.2796184496006643,0.04936960392064328,3080.2151477900043,2554.505780560008,1.076476,1.0766142446978186
122611.62+563918.1,2.9396765282747936,1.5710792332362853,-2.426015831649297,1.296558670978503,0.13458419165425997,0.07192710714807425,0.5834645036134909,0.3189272236555729,,,,,,,,,2.6828461799620453,1.0184982013233819,0.44484944958967987,0.16423336201765462,358.1789887449995,,1.92,1.9214824642496728
082237.47+321031.6,3.368799382362382,1.247943756975751,-4.512381805810661,1.6715743695320566,0.11666861724846456,0.043218920453528216,0.43749624853797914,0.17150252068885055,1.978506624393633,1.1170157143600894,-3.975148650314313,2.244270226125343,0.2860664307272305,0.16150600383819808,1.2239718539611555,,3.4587091157202474,0.815321924435807,0.8307340512495673,,521.3883553100022,153.81361569,0.6518601775169373,0.6517662274900087
122755.54+581819.7,3.5435549293843387,,,,0.13395003443157186,,0.6291630025907883,,3.398356987395622,,,,0.20381011122006132,,0.9439096731300325,,3.4709559583899803,,0.7865363378604104,,1274.2417700199949,4384.4460469199985,1.4880000000000002,1.4863178423878027
154210.43+432315.7,3.817135414458686,1.3350916082960753,-4.315228818553441,1.5093061047049847,0.1160837223495485,0.0406017567471161,0.4662207965619466,0.17828573982784837,,,,,,,,,4.066182116506064,1.0075309573708313,0.7050652348459896,,2352.5897085649995,,0.8802896738052368,0.8801743865495908
134123.57+313751.7,3.3628914242161847,,,,0.3669578453642114,,2.155939334269531,,,,,,,,,,3.3628914242161847,,1.5499245036997817,,3446.480421839995,,2.443,2.4356319710232484
141645.32+510933.0,5.4394838547512085,1.3362424535677324,-6.137230903570496,1.507648280550663,0.10558597572636302,0.025937840249990317,0.4132630748703952,0.10579635352720251,2.3485220509196103,,,,0.1233977021771569,,0.4815172336696835,,4.641745603080438,,0.44739015427003936,,2178.227925790001,3813.0347111599986,1.513,1.512449120350564
160216.43+433744.5,7.643262690729898,,,,0.154904027305275,,0.7919231867033459,,2.6046280694401043,1.0123026932291899,-16.55384806626952,6.433741990807032,0.25009239602160543,0.09719975340019815,1.090448815508241,,8.933912942146508,,0.9411860011057935,,4568.708035244999,5274.460867290007,1.6477633000000005,1.6479511186501123
113737.60+494148.4,2.0060553281201785,,,,0.19937838777513892,,1.003456918983719,,3.019915013333585,,,,0.476702512843343,,2.420761050886458,,2.512985170726882,,1.7121089849350883,,3634.7528089800035,1822.9520273400049,1.3901962041854858,1.3940604088591948
145451.01+332634.4,11.074082045577779,1.2124100878665538,-16.15427056285215,1.7685981115110838,0.28354542814381145,0.031043054948945163,0.4797809438005825,0.05524512645704934,6.593407327164751,1.3242546382064777,-7.594950622887573,1.5254098662872937,0.20357651026318135,0.040887378038243,0.2998003959988076,0.06142959824403408,10.354177639620563,0.7364782374661158,0.389790669899695,0.041308653868405126,2393.333186120006,2558.033916530003,1.098,1.0994306312733797
110047.58+334824.2,2.958694890129525,1.0742774886033903,-7.537687856649455,2.7368717225733117,0.266308904413473,0.09669454663285734,1.1035859504005698,0.4318632854312377,2.5978492529347106,1.3264594726225103,-2.9809285278492927,1.5220594029886705,0.21711054914041122,0.11085644949884675,0.7613522197197368,0.43742934374230324,4.018790131890746,0.8916522061276762,0.9324690850601534,0.30734765660009705,925.3469763500034,2025.5952131800004,1.6333047151565552,1.6359409208959563
154157.72+331129.6,4.804808989433655,1.1922259557345918,-7.401631429426896,1.8365802104411668,0.16090513403392484,0.03992568229623012,0.6042132377567808,0.1612136711305899,7.473250603937446,2.4351394449049666,-3.3658155273778085,1.096742313267663,0.14257724896821017,0.046458429043661,0.5209006181704561,0.18599979395936342,5.761376637543952,0.8633936463440053,0.5625569279636184,0.12307088517631581,1452.4239059600004,3083.6731760299954,1.3064129999999998,1.3068774474750395
143054.79+531713.9,6.007787374215909,,,,0.12671451236653683,,0.5212511948895586,,5.760050618236144,,,,1.4097226217787524,,7.670761078318897,,5.8839189962260265,,4.0960061366042275,,4365.615732984996,4748.870283985001,0.8898919,0.8901189832316231
023400.55+012506.6,9.790713288407838,1.618000541729258,-7.69724019230589,1.2720359011755347,0.29336687911138726,0.048481428813736266,0.30848313624171253,0.054530936449030724,4.470101494102923,1.1172150712990765,-8.973113631465248,2.24265551884611,0.6591912704778632,0.16475205836337506,0.7222972220914939,0.18447666366805884,7.732792151570475,0.8106199162779812,0.5153901791666032,0.09618375963241706,2548.2314993699983,3115.2843278599976,1.058,1.055103544331524
125441.85+245921.5,2.8802986327640006,1.4451001315805538,-2.760961383754103,1.3852263836695005,0.1077700424057304,0.05407026226010206,0.4181369999184433,0.21512385537806522,2.97612264284543,1.6862778456792962,-2.1919233808706737,1.2419487635949038,0.1636147251390295,0.09270447469364662,0.6815959460143531,,2.702326510058552,0.7242727485438382,0.5498664729663982,,1622.1852916499993,2755.1925256999966,2.375,2.368871283209364
084529.12+233214.8,2.8404240227825603,1.4727412905681174,-2.6271330521213074,1.3621513163675554,0.1594924508512637,0.08269579331062554,0.6536724654716232,0.38985508468345037,,,,,,,,,2.7337785374519337,1.0030482438081068,0.6676342057429882,,1298.0220563249968,,1.620031714439392,1.620538163602617
143713.22+534343.9,3.6106980672001763,1.3751557215488912,-3.8250696022740662,1.4568003890086296,0.2160896769031355,0.08229903194077394,1.0945980242500224,0.5132710611026037,,,,,,,,,3.7178838347371213,1.0016636950499336,0.8880969851321878,,1463.5194335100023,,1.8411129,1.838148552022824
120524.29+534946.9,3.9784900093932185,1.6450230968372392,-3.0459018482859155,1.2594172360115488,0.12787931884662418,0.05287544586359142,0.5902296484609417,,,,,,,,,,3.512195928839567,1.0358852208969571,0.6359127972376475,,1647.3018456100035,,2.668,2.667155230217111
160643.87+543116.4,5.829287338566179,,,,0.1738885167770248,,0.7133310438780414,,2.9977839473184185,,,,0.1782623428046011,,0.7114823635024635,,4.413535642942299,,0.7124067036902524,,4910.20987626,5097.418964825003,1.6229950189590454,1.6242983534937865
154513.08+441926.2,3.359743434829485,,,,0.24101373767856082,,1.4923195879287399,,,,,,,,,,3.359743434829485,,1.1019009757156017,,1647.997324649994,,2.423,2.424633105241824
122743.41+574415.7,4.632729341555738,1.3920005843947605,-4.784239695790057,1.437525044402434,0.0991429322003275,0.029789570982172085,0.2984572859509039,0.09031603018120227,4.687566766294964,1.288247214829876,-5.7718287288909496,1.586226427308225,0.1150581835378528,0.031620538303965065,0.3418393734219894,0.09673152596692343,4.969091133132927,0.7150104477142066,0.32014832968644663,0.06617018479568691,2379.067293690001,1617.8520244750034,1.1986610889434814,1.199938131957364
142953.15+525231.5,3.346606361523301,,,,0.17607279879808974,,0.9797440182261073,,,,,,,,,,3.346606361523301,,0.6607916958240484,,3081.9644324300025,,0.79,0.7899946625992471
164522.36+341531.5,3.1264146068739076,,,,0.25232181840662093,,1.3359026671495176,,,,,,,,,,3.1264146068739076,,0.8388710202857534,,4200.987073119999,,2.3214433193206787,2.317405977999052
155501.89+432628.9,2.2655136418443247,,,,0.133588322766724,,0.6870503469281313,,,,,,,,,,2.2655136418443247,,0.5144448601750603,,1996.4571242800012,,0.805,0.8045705467407748
142511.34+344244.2,4.567420853689042,,,,0.12238539989025801,,0.5661742980075356,,3.4523111660081742,1.0370668855492056,-12.563604022036694,3.774079759291378,0.2067333479502056,0.062102255268542704,0.8134207190296775,0.2756116568917039,6.861112013911303,,0.6897975085186066,,4379.604600270002,3110.1118753050105,1.609,1.6074848616281814
161251.11+542252.6,9.624531214506755,1.2076782082743596,-14.213997535631892,1.7835606424523212,0.31742773099573607,0.03983056887463918,0.17181668059618385,0.02196793767197068,17.615937788318274,2.929404523718609,-6.397801350656312,1.0639086288607307,0.3636131989413314,0.06046627563415222,0.20060612195378252,0.03419813841741028,11.963066972278309,0.9471301274835824,0.1862114012749832,0.020323034694503313,530.538937270001,5272.872473195006,0.44947395,0.4487933536095591
161121.83+432926.1,2.5136238546319256,,,,0.19858830344623213,,1.0999535715569582,,,,,,,,,,2.5136238546319256,,0.6502798467553703,,2557.2840864399986,,0.7617825865745544,0.7618519056368761
143626.63+350029.7,3.628235974205376,1.290090401657281,-4.451460583152761,1.5828040437581608,0.09281651614397723,0.03300273120158284,0.2176936323865236,0.07829040567330374,5.59978018734949,1.4135408713226547,-5.605113762939557,1.4148872147208975,0.13042599951675038,0.03292316391570696,0.28357559023422474,0.0737791953536348,4.821147626911796,0.7145630443960884,0.2506346113103742,0.053788375341518445,1826.5891499299978,1639.7980945349918,1.245937,1.2461570593897744
081445.86+320536.1,6.984739666781316,1.369607129672755,-7.463488704083149,1.463482939809386,0.18273637976458174,0.035831979503323584,0.4285932123056792,0.08716532962367074,2.9422618667441016,1.0369247329132392,-10.728404781721396,3.7809511072452464,0.23453691212393368,0.08265651936397049,0.9356556248626381,0.44863608196024096,7.0297237548324905,1.1008068115554441,0.6821244185841586,0.22851265212512809,1616.999298075003,2921.990505499998,0.5760000000000001,0.5754752493225169
141935.58+525710.7,2.716875549821223,,,,0.21039581179307276,,1.3135827700047915,,,,,,,,,,2.716875549821223,,1.1246191974337147,,4176.383062779998,,3.217,3.214388103546853
123329.19+551958.6,7.370599003001968,,,,0.14670873412216642,,0.5779314420865375,,2.8213631069130987,,,,0.13567857365840696,,0.6549618598553042,,5.095981054957534,,0.6164466509709208,,1463.2291945899924,4541.513878989994,0.725,0.7245655944053758
