Object,W1 Z Score using Max Unc,Uncertainty in W1 Z Score using Max Unc,W1 Z Score using Min Unc,Uncertainty in W1 Z Score using Min Unc,W1 Flux Change,W1 Flux Change Unc,W1 Normalised Flux Change,W1 Normalised Flux Change Unc,W2 Z Score using Max Unc,Uncertainty in W2 Z Score using Max Unc,W2 Z Score using Min Unc,Uncertainty in W2 Z Score using Min Unc,W2 Flux Change,W2 Flux Change Unc,W2 Normalised Flux Change,W2 Normalised Flux Change Unc,Mean Z Score,Mean Z Score Unc,Mean Normalised Flux Change,Mean Normalised Flux Change Unc,W1 Gap,W2 Gap,W1 Epochs,W2 Epochs,W1 2nd lowest Flux,W2 2nd lowest Flux,W1 median_abs_dev of Flux,W1 Median Unc,W1 median_abs_dev of Uncs,W2 median_abs_dev of Flux,W2 Median Unc,W2 median_abs_dev of Uncs
114338.55+564817.9,1.878444483,1.112479954,-3.853581071,2.282224326,0.152285105,0.090188519,0.840771031,0.530648457,,,,,,,,,2.866012777,1.269464407,0.840771031,0.530648457,1459.259418,,20,8,0.181125537,,0.026563446,0.043001638,,,,
122523.45+580846.3,4.023616725,1.738328258,-2.829756756,1.222543415,0.147749235,0.06383229,0.357063632,0.160707535,3.824091818,1.742946281,-2.678804093,1.220946529,0.119945836,0.054668967,0.444109308,0.21539116,3.339067348,0.751871403,0.40058647,0.13436914,940.2092831,1654.979587,23,23,0.413789648,0.270081789,0.03578366,0.051022429,0.007885825,0.02459752,0.042109099,0.010743263
095209.81+331752.0,3.085678633,,,,0.141064981,,0.566030392,,2.794603252,,,,0.268978263,,1.405470457,,2.940140943,,0.985750425,,3844.528703,4748.447615,23,14,0.249218033,0.191379521,0.024298321,0.03949395,,0.050181072,0.074010147,
160344.93+450146.4,3.656142535,1.312089255,-4.304090675,1.544620067,0.17707636,0.063547848,0.394440005,0.146096216,2.382837995,,,,0.092240631,,0.341528511,,3.447690402,,0.367984258,,2921.87621,2356.556069,25,24,0.448931036,0.270081789,0.031509485,0.0515989,0.005439887,0.016155483,0.043490349,
112934.69+503103.4,10.18764061,1.293154209,-12.42535822,1.57719583,0.294085833,0.037329383,1.213093154,0.194261061,2.116084018,1.116605094,-4.259456879,2.247609836,0.306037833,0.16148858,1.396625321,0.867653699,7.247134932,0.808484361,1.304859238,0.44456729,930.3731987,1094.635942,23,18,0.242426422,0.219126654,0.038420401,0.049074416,0.01392067,0.029822406,0.06009398,
095656.19+021315.1,5.722567257,1.990218274,-3.325630478,1.156601618,0.162436789,0.056492943,0.58197522,0.226580347,2.553941769,1.240896237,-3.476042749,1.688921972,0.146025459,0.070950107,0.517050847,0.262731081,3.769545563,0.778258351,0.549513034,0.173469215,1981.828093,4748.751635,23,23,0.279112896,0.28241992,0.020492372,0.04154334,,0.028533741,0.049072132,
144102.63-013845.8,2.810201884,1.212546348,-4.097929741,1.768175366,0.200037505,0.086312214,0.290624156,0.12708112,4.580634765,2.145476436,-2.413178053,1.130283665,0.256098626,0.119951403,0.377843301,0.18660077,3.475486111,0.809217333,0.334233729,0.112882083,4176.747276,2385.884815,25,25,0.688303092,0.677790568,0.040503456,0.057536708,0.011336923,0.044248933,0.064841803,0.014992094
135652.64+040036.9,4.173977012,1.311810483,-4.916189134,1.545075218,0.261290663,0.082119243,0.296581543,0.09491225,3.976761905,1.801398244,-2.654104207,1.202259218,0.238015098,0.107816357,0.255451925,0.118298127,3.930258065,0.741559465,0.276016734,0.07583334,4178.403076,3286.467185,25,25,0.881007835,0.931741259,0.036699682,0.053149026,0.016070675,0.048930333,0.066870802,0.018977498
114302.72+550813.1,2.154670447,1.110738405,-4.456711451,2.297446729,0.149795698,0.077220085,0.70294267,0.37895114,2.224044382,,,,0.252037402,,1.279291713,,2.945142093,,0.991117191,,2743.996136,4906.565401,20,13,0.213098029,0.197013238,0.028257403,0.044649295,,0.027519993,0.064877108,
123401.05+623314.7,1.309713619,1.143742376,-2.35937861,2.060390346,0.093950659,0.082044921,0.375941495,0.33372112,3.72797171,1.147121108,-6.632951843,2.041002362,0.166837599,0.051337013,0.684224551,0.222056237,3.507503945,0.830471721,0.530083023,0.200423775,1078.26919,1826.659748,23,23,0.24990766,0.243834569,0.018506734,0.039062598,,0.023677434,0.038571804,0.005760183
123731.71+542544.3,1.405167094,1.281438522,-1.753605161,1.599195723,0.104776294,0.095550472,0.558834972,0.539848361,,,,,,,,,1.579386128,1.024635502,0.558834972,0.539848361,3115.477329,,10,5,0.187490582,,0.034859161,0.05987564,,,,
131244.36+272802.5,3.204635057,1.063392225,-8.860733757,2.940252234,0.201594095,0.066894854,0.93820569,0.326789434,3.104327713,,,,0.22355557,,0.978791655,,5.056565509,,0.958498673,,1462.115683,1286.610104,24,23,0.21487196,0.228399547,0.029328722,0.041492735,,0.032571255,0.0404546,
142741.21+332937.3,3.353962294,,,,0.155061607,,0.828942975,,1.524937791,,,,0.170519186,,0.816353131,,2.439450042,,0.822648053,,3809.683861,4540.581755,24,19,0.187059438,0.208879197,0.024320916,0.040115243,,0.035488055,0.058062331,
142030.56+513909.1,2.585021584,,,,0.180581608,,0.953441798,,,,,,,,,,2.585021584,,0.953441798,,3288.430383,,14,8,0.189399719,,0.038348314,0.061224967,,,,
165002.32+355533.7,1.939128367,1.393661358,-1.9976243,1.43570268,0.093835282,0.067439892,0.31462036,0.231484983,2.433343183,,,,0.135094118,,0.483883752,,2.123365283,,0.399252056,,2009.486527,4748.724974,23,23,0.298249237,0.279187135,0.01404541,0.04793732,0.011960417,0.020566148,0.04500237,
114639.33+565414.5,2.463651326,1.161137015,-4.17484576,1.967635555,0.091584643,0.043164517,0.361445926,0.173202467,2.675958571,1.49028576,-2.421754708,1.348715409,0.10391318,0.057870975,0.44012425,0.257833453,2.934052591,0.760748552,0.400785088,0.155303883,2381.429769,1826.526394,23,22,0.253384079,0.236099647,0.021140647,0.033541911,,0.021053856,0.040270748,
122133.20+330701.3,5.462088858,1.593906333,-4.400708864,1.284182281,0.268845594,0.078452531,0.63230017,0.205666696,2.929660541,1.342767112,-3.269287922,1.49843036,0.177301168,0.0812634,0.427578976,0.203797103,4.015436546,0.717546975,0.529939573,0.144768824,4540.636551,1303.797735,24,24,0.425186654,0.414662969,0.022942621,0.055146267,0.015079667,0.01925654,0.057720328,0.012737828
161501.19+424846.9,2.499222776,1.302805803,-2.992913849,1.560159249,0.107462079,0.056018303,0.339059189,0.180871926,2.944593805,1.060598481,-8.332931991,3.001397,0.157156006,0.056605234,0.577611103,0.211864434,4.192415605,0.944214387,0.458335146,0.139284953,2193.843478,1624.468481,24,24,0.316941944,0.272079268,0.014849954,0.047216142,0.006908459,0.018383954,0.043822898,0.00955786
095946.01+024743.5,1.033108101,1.209335192,-1.51912615,1.77825797,0.126906176,0.148553772,0.145513485,0.170904439,1.692615021,1.103672774,-3.62440514,2.363300116,0.183022263,0.119340007,0.233673016,0.153109914,1.967313603,0.845132166,0.18959325,0.114728999,3265.620601,364.3068674,23,23,0.872126569,0.783240897,0.028391333,0.073922059,0.019441735,0.020996789,0.069825506,0.029573458
141945.05+512241.4,3.376487445,2.326231379,-1.607604679,1.107559412,0.10451138,0.072003126,0.388672607,0.283785729,2.890395883,,,,0.184529758,,0.930188432,,2.624829335,,0.65943052,,3444.359384,3653.732416,24,23,0.268893093,0.1983789,0.019979492,0.046017521,,0.018597489,0.038817256,
132550.58+192809.7,4.740679572,1.098679343,-10.41728228,2.414264175,0.329407251,0.076341996,0.220675177,0.051355922,5.331783013,2.001110869,-3.076028526,1.154486989,0.480619499,0.180384854,0.291813894,0.112967376,5.891443348,0.879383759,0.256244535,0.062046472,3074.908486,1650.338129,25,25,1.492724536,1.647006907,0.04929306,0.071870814,0.012907364,0.025768518,0.07781468,0.01708083
153722.08+425656.6,2.542207166,,,,0.146063061,,0.742610218,,1.519527983,,,,0.134524475,,0.749041605,,2.030867575,,0.745825912,,2179.486637,2543.304493,22,10,0.19668873,0.179595465,0.022182515,0.038488314,,0.030848866,0.064594624,
115634.41+524502.1,3.823738217,1.271043997,-4.873662837,1.620048115,0.137614201,0.045744163,0.481153701,0.166844685,4.769660444,1.132507791,-8.972664782,2.130468801,0.16485202,0.03914245,0.826416119,0.210469896,5.60993157,0.79299984,0.65378491,0.134289544,2346.477812,2543.059232,23,19,0.286008817,0.199478224,0.020168062,0.040254781,0.01096062,0.031696222,0.04475403,0.013127335
162510.77+325758.8,3.072413299,1.266941114,-3.949587891,1.628653047,0.115023972,0.047431314,0.425606642,0.181396897,1.682332874,1.016865342,-9.121702588,5.513500547,0.205602215,0.124273722,1.008166866,0.619477671,4.456509163,1.493535109,0.716886754,0.322745031,1826.683742,5276.502596,24,24,0.270258875,0.203936692,0.023254908,0.047478298,,0.016832321,0.04072852,
121550.25+553750.4,6.57032442,1.128334534,-12.57173156,2.158967802,0.456708892,0.078431502,0.492107409,0.086678134,7.361271797,1.501892106,-6.569213585,1.340291501,0.32713546,0.066744196,0.544543161,0.119920672,8.26813534,0.790029351,0.518325285,0.073983219,2711.154663,2025.45425,23,23,0.928067497,0.600752122,0.10463297,0.066502924,0.01839839,0.07135592,0.053909738,0.013554492
144939.94+350619.8,2.929304721,,,,0.208293651,,1.122267657,,1.21433122,,,,0.112288763,,0.587815152,,2.07181797,,0.855041405,,3082.696171,3473.925715,22,9,0.18560069,0.191027337,0.029283128,0.049682192,,0.024727465,0.080743159,
120343.71+545658.8,5.478932595,2.030310413,-3.100761434,1.149039182,0.210148778,0.077874156,0.362699752,0.140941408,5.10294293,1.500842057,-4.55960461,1.341039172,0.216262017,0.063605479,0.495547151,0.155379334,4.560560392,0.770282592,0.429123452,0.104889487,4001.597343,2348.582365,23,23,0.579401494,0.436410574,0.0476367,0.05504709,0.012726192,0.030631661,0.04799053,0.005890802
083901.00+232352.4,2.257405241,1.456555922,-2.131568097,1.375361445,0.156264693,0.100827384,0.551672612,0.383525814,2.99590457,1.163380653,-5.039195307,1.956838808,0.207361252,0.080523282,0.755495957,0.314482809,3.106018304,0.758116371,0.653584285,0.247987644,367.0374976,2710.27956,23,18,0.28325621,0.274470366,0.028369109,0.04099525,0.010296171,0.026600664,0.066778284,
101912.60+325318.1,2.829290041,,,,0.119757882,,0.632302321,,,,,,,,,,2.829290041,,0.632302321,,2190.938955,,13,4,0.189399719,,0.036597784,0.057538739,,,,
160354.11+422218.6,5.010670669,2.172164329,-2.598506276,1.126472486,0.157651647,0.068343203,0.382929671,0.175332228,3.110491364,1.207978383,-4.590103655,1.782594883,0.207798656,0.080699881,0.718699412,0.300942436,3.827442991,0.814865573,0.550814541,0.174146303,933.541172,1621.504769,24,24,0.411698699,0.289131524,0.041018519,0.05659123,0.005600206,0.025287822,0.049857133,0.006519729
122716.20+543434.0,2.890512597,1.461976382,-2.710335406,1.370845557,0.159468415,0.080656648,0.501759077,0.270247607,3.817857843,1.400986606,-3.890988541,1.427822369,0.111808512,0.041028827,0.448104757,0.172342613,3.327423597,0.707903272,0.474931917,0.160262086,2557.481165,889.2326982,23,23,0.317818695,0.249514228,0.018666482,0.055169597,0.013753359,0.01777817,0.037282436,
150238.58+330005.7,6.640317724,1.192612497,-10.21799503,1.835169501,0.591750086,0.106279334,0.282331123,0.05130372,8.687607321,3.236847708,-2.822022989,1.051435488,0.347988888,0.12965446,0.192340195,0.072851712,7.091985765,1.011585122,0.237335659,0.044551778,3446.515229,3288.716162,25,25,2.095943513,1.809236432,0.078357439,0.071703297,0.017224686,0.052406389,0.068521959,0.018848172
093053.11+314745.2,3.650924868,2.056573591,-2.03158778,1.144397633,0.196511325,0.110695239,0.462176404,0.280774844,2.01615548,,,,0.126351688,,0.446771714,,2.566222709,,0.454474059,,1095.279202,3841.890904,23,23,0.425186841,0.282810401,0.043724095,0.05621895,0.012872443,0.023896744,0.049991101,
151119.76+322021.5,2.463746396,1.231772791,-3.42562475,1.712672768,0.12833381,0.064161675,0.221799896,0.11181695,1.41109646,1.037805896,-5.083882774,3.738995643,0.134822246,0.099156454,0.492794987,0.365565641,3.096087595,1.1041864,0.357297441,0.191142138,367.2481776,2178.23504,22,20,0.578601759,0.273586886,0.029579029,0.047312644,0.013311898,0.01893256,0.054029111,0.012904541
161251.11+542252.6,2.461759261,1.143208732,-4.443534899,2.063519361,0.317427731,0.147409277,0.175980819,0.082019833,7.91410073,4.313946377,-1.885906908,1.028000723,0.363613199,0.19820418,0.206701905,0.114927524,4.17632545,1.255785541,0.191341362,0.070596722,530.5389373,5272.872473,25,25,1.803763237,1.759118758,0.054801311,0.070010139,0.014638037,0.043764527,0.068015932,0.014271371
080934.31+335238.2,6.833947769,1.179911764,-10.91245378,1.884084138,0.360815898,0.062296485,0.683448802,0.125524282,1.928738056,1.195309185,-2.945534191,1.825454764,0.251725264,0.15600331,0.599558366,0.391096432,5.65516845,0.778741531,0.641503584,0.205373297,1662.086913,1295.189724,22,22,0.527934055,0.419851141,0.093679083,0.052252759,0.011239817,0.049187949,0.060321748,0.017577489
160235.49+430814.0,3.272924383,1.758702028,-2.262288314,1.215637937,0.126582081,0.068018731,0.566751345,0.336014562,2.221551467,1.113324762,-4.539529582,2.274973489,0.312615401,0.156666398,1.484276702,0.888158477,3.074073436,0.828621024,1.025514024,0.474797658,1094.907168,161.6949926,22,16,0.223346768,0.210618007,0.021743261,0.038723742,0.006254242,0.049633756,0.075598878,0.013980255
155738.01+421628.1,2.178156927,1.290312826,-2.671213811,1.582393536,0.161872443,0.095891204,0.466222484,0.287922353,2.817636957,1.357807309,-3.067653308,1.478289129,0.151505558,0.073009886,0.517050847,0.263965672,2.683665251,0.715797454,0.491636665,0.195305631,1826.757171,526.0162315,25,25,0.347199993,0.293018682,0.031145116,0.058420393,0.010807082,0.020031389,0.049719962,
132229.23+194052.7,6.593159292,1.154459549,-11.42923112,2.001253787,1.019072278,0.178439147,0.757923151,0.141910815,9.675196481,2.068963038,-5.341738455,1.142287854,0.618478686,0.132256698,0.472312606,0.109293539,8.259831337,0.826257495,0.615117878,0.089559696,3086.928943,3086.994459,24,24,1.344558848,1.309468937,0.232197833,0.082516209,0.012244414,0.130328817,0.070852143,0.018280265
090952.01+315503.2,5.979777916,1.52760056,-5.178192716,1.322826735,0.205179781,0.05241545,0.369619473,0.098040109,6.131706516,3.256792077,-1.978310094,1.05075881,0.142816117,0.075855293,0.320687351,0.178085806,4.816996811,0.993548651,0.345153412,0.1016445,4363.633965,2712.71983,23,23,0.555110854,0.445343779,0.036280181,0.060518851,0.014230904,0.035001912,0.047336131,0.015499349
140512.89+000502.1,4.234331751,1.056599888,-12.41086899,3.096904909,0.431418414,0.107652559,0.382929671,0.096280772,3.193706103,1.403099256,-3.244913286,1.425596241,0.299051654,0.131383145,0.376574332,0.171116016,5.770955033,0.958782936,0.379752002,0.098171633,731.8580491,3446.298767,25,25,1.126625714,0.794137115,0.08557224,0.060947665,,0.042777478,0.082618236,
142022.71+515158.5,2.029932209,,,,0.133525437,,0.669552127,,1.87670542,,,,0.270871338,,1.318462323,,1.953318815,,0.994007225,,5096.833972,3081.875359,24,18,0.199425006,0.205444883,0.013176956,0.035368814,,0.051564932,0.071008741,
142931.58+012123.5,5.281317053,1.340096446,-5.920035556,1.5021667,0.183339642,0.046521123,0.527566112,0.141881922,2.510210591,1.192619499,-3.862588097,1.835143989,0.176788401,0.083993468,0.5958794,0.297657155,4.393537824,0.74340677,0.561722756,0.16487136,1095.332178,2748.08709,25,24,0.347519748,0.296684868,0.036611948,0.058439751,0.010635504,0.04246707,0.049538042,0.009161744
120015.01-012541.9,2.204927283,1.563527616,-1.834499803,1.300855191,0.117332436,0.083201159,0.566028329,0.437724201,,,,,,,,,2.019713543,1.016961508,0.566028329,0.437724201,888.4419155,,11,3,0.207290749,,0.019759121,0.064933322,0.006111284,,,
160629.01+440654.6,3.176899093,,,,0.147830995,,0.944464635,,3.249653229,,,,0.299150897,,1.713937572,,3.213276161,,1.329201104,,3813.283696,3634.710137,25,23,0.15652359,0.174540136,0.021608376,0.034288178,,0.033563178,0.065119792,
120841.59+572252.7,3.755894771,1.177091843,-6.048891055,1.895713472,0.199574307,0.062546291,0.73540279,0.247208539,3.265695144,,,,0.143232431,,0.688883591,,4.35682699,,0.712143191,,1095.348116,4730.29392,23,22,0.271380949,0.207919645,0.022910813,0.034337412,0.009006648,0.020275958,0.046041434,
121105.69+445944.3,5.072751642,1.497056259,-4.55330417,1.343758376,0.227308547,0.067082662,0.436150189,0.135325695,5.580547133,,,,0.226454981,,0.860372515,,5.068867649,,0.648261352,,5094.648361,4904.573821,23,23,0.521170352,0.263205736,0.031171316,0.04992167,0.017278008,0.02002633,0.04213442,
113253.60+530338.5,3.424574187,1.114732695,-6.952407866,2.263077373,0.337552575,0.109876694,0.384203891,0.126851629,8.969769429,1.249077642,-11.98427268,1.668859739,0.217354223,0.030267478,0.381656624,0.054519373,7.832756041,0.818131864,0.382930258,0.069035675,5097.62994,4730.36611,23,23,0.87857667,0.569502033,0.035259366,0.061210877,0.015093645,0.021921081,0.05804852,0.006529505
013332.08+245953.1,5.839259713,,,,0.477100616,,0.409289343,,9.885060304,,,,0.493548386,,0.52897427,,7.862160009,,0.469131806,,4570.886132,4731.223752,25,25,1.165680524,0.933029099,0.049722035,0.077305564,,0.057871707,0.06247772,
111802.18+541840.6,3.625737966,1.815132449,-2.393497107,1.198242759,0.222480313,0.111379046,0.279970203,0.143934891,2.850014056,1.156616916,-4.903895021,1.990140337,0.283713743,0.115139121,0.635308813,0.270644878,3.443286037,0.791711468,0.457639508,0.153269291,4906.535865,3079.452029,23,23,0.794657113,0.446576118,0.036705784,0.050055099,0.011306289,0.016387369,0.061955813,0.014019218
120448.23+543901.4,2.840291068,1.144998674,-5.092925451,2.053096935,0.172086386,0.069372708,0.818025905,0.35498023,3.348357943,,,,0.338810523,,1.718943463,,3.760524821,,1.268484684,,731.4284604,3810.957143,20,13,0.210367893,0.197103937,0.041871939,0.047899294,,0.041232203,0.076175512,
162054.47+434307.5,2.847106947,1.097234887,-6.304769116,2.429769151,0.146582921,0.056490992,0.708441142,0.284391601,1.784536012,,,,0.206428719,,1.169700761,,3.645470692,,0.939070951,,1255.957817,3838.28202,24,17,0.206909103,0.176479939,0.020254651,0.039453824,,0.040788051,0.072818029,
121335.00+523634.3,3.666828644,2.340885584,-1.73246294,1.10599592,0.109858276,0.070132989,0.37657675,0.253957923,3.170212911,1.343746154,-3.531947345,1.49707316,0.100958836,0.04279304,0.372776845,0.162832308,3.02536296,0.819674252,0.374676797,0.150838479,2015.159289,4572.86058,23,23,0.291728779,0.270829149,0.01962279,0.054412421,0.008999196,0.015019035,0.042399204,0.009453219
122442.34+542122.0,11.31320022,1.533939582,-9.72615725,1.318754844,0.684470388,0.092806297,0.524052727,0.0764603,6.556028145,1.77906437,-4.455586044,1.20908181,0.411625463,0.111699977,0.402167351,0.115012177,8.012742916,0.738200254,0.463110039,0.069054287,4017.64324,4175.296103,23,23,1.306109773,1.023517852,0.097333288,0.066728637,0.013309182,0.045303144,0.060307981,0.015532828
020106.36-030041.4,1.70820147,1.027766853,-7.198910142,4.331339921,0.207743118,0.124991984,0.322512786,0.19458218,5.211230097,1.449197099,-4.968324002,1.381647057,0.261213411,0.072641144,0.636063097,0.194727539,4.771666428,1.220295329,0.479287942,0.13764178,731.1923514,731.2575484,25,25,0.64413917,0.410672168,0.031013007,0.063963549,0.010742472,0.036432438,0.05257576,0.010212896
120629.59-004831.2,5.294310498,1.036763003,-19.34789276,3.78881809,0.650347088,0.12735479,0.829784966,0.166344718,11.80486504,1.832787363,-7.685762764,1.193268099,0.505000388,0.078404821,0.736200955,0.134303698,11.03320776,1.123972262,0.782992961,0.106897203,3081.673555,5097.078525,24,24,0.783753761,0.68595454,0.189212647,0.058568213,0.018521423,0.150542807,0.061623663,0.014674124
114749.54+530005.8,11.69151541,3.351821074,-3.654543637,1.047715027,0.538130902,0.154275852,0.336595587,0.101355645,3.478363102,1.12440082,-6.766203638,2.187214127,0.437410656,0.141395503,0.395725443,0.129997365,6.397656445,1.071814878,0.366160515,0.082420085,1462.446942,1253.109305,21,21,1.59874616,1.105338724,0.051574335,0.073758682,0.021063716,0.050611077,0.066736578,0.016542244
114845.68+554057.1,4.010418808,1.585056724,-3.26103682,1.288874949,0.296581013,0.117219111,0.465547146,0.195635645,3.394273649,1.833478207,-2.208715554,1.193077593,0.158167655,0.085437115,0.614359237,0.373270747,3.218611208,0.74827635,0.539953192,0.210715659,522.3856156,158.2546247,21,21,0.63705903,0.257451415,0.025908199,0.07181615,0.022930533,0.054505102,0.060363212,0.012974486
160534.46+433654.5,2.676491863,1.212919818,-3.899195807,1.76701896,0.095483165,0.043270606,0.413187214,0.192297195,2.948950556,1.338303849,-3.315610828,1.504702995,0.225205659,0.102203681,1.023019818,0.561410402,3.210062263,0.735217603,0.718103516,0.296715289,730.835687,1623.643032,21,12,0.231089352,0.22013812,0.014330386,0.034055896,0.006190277,0.034917915,0.071535925,0.010399271
122359.47+454606.8,2.586093443,1.15502974,-4.474145156,1.998292339,0.204436197,0.091307562,0.251986922,0.113436484,4.092113653,1.241846358,-5.557442641,1.686534267,0.226876719,0.068850978,0.337827115,0.104557968,4.177448723,0.779176095,0.294907019,0.077136575,530.5700994,2393.514558,23,23,0.811296851,0.671576405,0.049063362,0.060111887,0.014419092,0.037348246,0.048649569,0.008454323
124822.42+584840.6,2.948608183,1.230115991,-4.116043358,1.717152785,0.132955859,0.05546723,0.367729018,0.156889457,2.050741069,1.384413192,-2.142007216,1.446025094,0.114870058,0.077546417,0.330454348,0.228833973,2.814349957,0.727555303,0.349091683,0.138725709,2191.107156,2191.170761,21,21,0.361559333,0.347612487,0.024329217,0.051856002,0.009671198,0.033493202,0.053627297,0.015379094
123453.45+580131.2,4.240226115,1.502103541,-3.783029568,1.340141293,0.245133241,0.086838649,0.466898777,0.175149878,7.494715252,1.70628638,-5.420980506,1.234168997,0.250516765,0.057033967,0.813844466,0.221942543,5.23473786,0.728306257,0.640371621,0.141364752,4733.185396,5097.010202,23,23,0.525024379,0.30781897,0.048057234,0.05781136,0.010357878,0.040454773,0.047399813,0.009729967
153947.62+431341.6,13.9998475,1.1964126,-21.31481998,1.821542642,1.238818207,0.105868133,0.844166356,0.079512073,10.85706092,1.418096443,-10.79784848,1.410362403,0.783308335,0.102311921,0.785664912,0.117468102,14.24239422,0.739490548,0.814915634,0.070924123,3285.925032,3652.846014,25,25,1.467504833,0.997000532,0.176257814,0.077026515,0.013758695,0.137953125,0.064801397,0.013088095
153947.62+431341.6,13.9998475,1.1964126,-21.31481998,1.821542642,1.238818207,0.105868133,0.844166356,0.079512073,10.85706092,1.418096443,-10.79784848,1.410362403,0.783308335,0.102311921,0.785664912,0.117468102,14.24239422,0.739490548,0.814915634,0.070924123,3285.925032,3652.846014,25,25,1.467504833,0.997000532,0.176257814,0.077026515,0.013758695,0.137953125,0.064801397,0.013088095
123807.76+532555.9,14.24635063,1.051388693,-43.87790323,3.238213948,1.465775921,0.108175088,0.704510998,0.053209583,14.70644727,1.633978772,-11.38057687,1.264453656,1.301350145,0.144588185,0.744215845,0.095945899,21.0528195,0.995620957,0.724363421,0.054856347,2543.263559,2543.263559,23,23,2.080557898,1.74861924,0.226762286,0.081626079,0.017145473,0.167863373,0.074066275,0.014130186
123401.63+582857.2,5.940642761,,,,0.42905586,,0.464872762,,4.293790839,,,,0.286465328,,0.421673891,,5.1172168,,0.443273327,,3112.564683,3634.895493,23,23,0.922953322,0.679352774,0.095751556,0.068319537,,0.047512203,0.055899273,
112015.67+542742.9,8.139447469,1.782321965,-5.516942665,1.208063339,0.607711651,0.133072647,0.335365193,0.076213193,3.055479493,1.148017825,-5.418803755,2.035976127,0.334254724,0.125587615,0.285878977,0.108465369,5.532668345,0.794482234,0.310622085,0.066281949,1097.980373,1452.317793,23,23,1.812089221,1.169217571,0.092158431,0.079269254,0.020461815,0.062141094,0.053326348,0.009132815
093442.68+325334.5,3.581502884,1.38217465,-3.753596342,1.448589009,0.132938251,0.051303569,0.449438392,0.181603724,1.891993154,,,,0.161794604,,0.717907784,,3.07569746,,0.583673088,,1095.569341,4573.179542,23,21,0.295787484,0.22536962,0.028675044,0.054096363,0.013501186,0.018447429,0.057692024,
141658.28+521205.1,5.558064636,1.29597903,-6.74231693,1.572112224,0.395905629,0.092313679,0.723456089,0.185693212,4.282437539,1.147814877,-7.600349119,2.037109404,0.329777475,0.088389729,0.927525082,0.273159354,6.045792056,0.775338322,0.825490586,0.165149933,3284.423729,3648.942933,24,24,0.5472421,0.355545614,0.128037443,0.062993357,0.015201473,0.071396227,0.056070383,0.012638341
145954.07+351733.9,1.674576374,1.038554914,-5.973156326,3.704489656,0.153013227,0.094897218,0.237656308,0.147694977,1.954284802,1.206389823,-2.896026902,1.787731952,0.19901362,0.122852107,0.442779309,0.281588651,3.124511101,1.102644601,0.340217808,0.158985829,3653.180942,4001.580948,25,25,0.643842482,0.449464589,0.039218317,0.059033499,0.011707574,0.035420717,0.059976598,0.012615918
121359.29-002000.4,3.040467721,1.176932265,-4.899078747,1.896380549,0.174413525,0.067513594,0.487304536,0.194758538,1.379258556,1.120570415,-2.727714792,2.21611567,0.144231992,0.117180425,0.545966969,0.456830352,3.011629954,0.834725833,0.516635752,0.248306695,890.5849436,523.6797216,23,17,0.35791484,0.26417714,0.031430648,0.055691678,0.014910758,0.026184661,0.060164321,
095601.64+005805.1,3.41506969,1.274423274,-4.32268366,1.613123351,0.218713193,0.081618593,0.404106023,0.155462711,6.164977914,1.735846685,-4.345021982,1.223409412,0.191200324,0.053835464,0.466222484,0.140481311,4.561938312,0.73892726,0.435164253,0.104765993,2182.380708,1823.476214,23,23,0.541227254,0.410105326,0.029144661,0.05004445,0.011166134,0.023432179,0.052259524,0.008227952
165220.33+305948.5,4.110399287,,,,0.193845035,,1.169700761,,1.907357782,,,,0.195048087,,1.170702486,,3.008878535,,1.170201624,,1283.281436,3836.41971,19,11,0.165721902,0.166607732,0.033850389,0.05424602,,0.023098579,0.079395881,
123850.21+583400.6,2.205117696,,,,0.138274185,,0.781557903,,,,,,,,,,2.205117696,,0.781557903,,4018.029077,,21,7,0.17692123,,0.023267049,0.04330141,,,,
142653.5+511907.1,3.042252128,,,,0.122007106,,0.60842309,,2.664525427,,,,0.204856466,,1.144864779,,2.853388777,,0.876643934,,4748.800186,2357.386485,23,16,0.20053004,0.178935076,0.012657333,0.038461335,,0.028124465,0.076535689,
140640.19-010806.2,1.562863958,1.058886197,-4.488469231,3.041069627,0.153435278,0.103956904,0.206702435,0.140370099,3.610228962,1.223351688,-5.123137873,1.736011603,0.200419923,0.067913712,0.490733205,0.172804574,3.696175006,0.964354385,0.34871782,0.1113162,4748.231267,2352.07626,25,25,0.742300293,0.408409133,0.027900181,0.055588884,0.015736812,0.020200675,0.04342816,0.012086304
155920.40+421207.2,4.123519108,1.293238224,-5.028438408,1.57704344,0.308169152,0.096649516,0.398299261,0.128839,2.046121954,1.3450707,-2.274571027,1.495247552,0.196557219,0.129211925,0.295388553,0.19793409,3.368162624,0.716087963,0.346843907,0.118086189,1256.840358,1095.319858,22,22,0.773712587,0.665419216,0.039669819,0.059596511,0.009145576,0.040721805,0.066414579,0.007567218
121848.81+572521.7,4.216212096,1.575122645,-3.46452147,1.294300689,0.19985806,0.074664402,0.344621124,0.133231585,1.839182894,1.077948609,-4.56986461,2.678406382,0.140677833,0.082451547,0.225180277,0.132444194,3.522445267,0.883602695,0.284900701,0.093930985,2715.707053,1457.368048,23,23,0.579935604,0.624734258,0.035963903,0.063458606,0.011808243,0.026390956,0.060116527,0.012745764
023044.93+011246.0,5.940157025,1.157683305,-10.18383179,1.984737441,0.451249669,0.087944512,0.43615145,0.087030233,3.945970237,1.85432704,-2.526910517,1.187469297,0.240978691,0.113242948,0.42823619,0.213926896,5.649217393,0.795613971,0.43219382,0.115476165,3840.216031,724.4945415,25,25,1.034616917,0.562723787,0.072307135,0.057710629,0.013400228,0.043345324,0.055872072,0.016864331
121727.53+544746.9,5.232916529,,,,0.130011302,,0.572534387,,1.222065233,,,,0.191161872,,0.884516265,,3.227490881,,0.728525326,,1826.615123,4938.862112,23,23,0.227080338,0.216120245,0.024672778,0.044252891,,0.021949481,0.055008528,
161003.12+543627.8,2.800033221,1.182944713,-4.430797322,1.871902171,0.23679197,0.100038745,0.442779309,0.192225269,2.289772632,1.126993509,-4.405736467,2.168440801,0.149642303,0.073651812,0.476386086,0.240062017,3.481584911,0.824455343,0.459582697,0.153769573,2553.478473,892.1502435,22,22,0.534785537,0.314119802,0.030447365,0.057444438,0.011443081,0.01600857,0.049106971,0.006005343
100512.45+411813.6,2.175222516,1.673154088,-1.621565327,1.247287869,0.126631972,0.097403737,0.306170842,0.242494155,1.939039237,,,,0.168708209,,0.827257749,,1.91194236,,0.566714296,,1462.447033,5094.489016,23,21,0.413599057,0.203936692,0.011676445,0.05821564,0.014174699,0.017146675,0.053896796,
142038.52+532416.4,7.009605988,1.403867307,-7.114084385,1.424791993,0.482506664,0.096635293,0.632300887,0.138545785,4.542353621,1.324267995,-5.232217597,1.525389453,0.314614766,0.091722111,0.64816242,0.205315459,5.974565398,0.710693954,0.640231654,0.123844027,731.5939518,731.6581941,24,24,0.763096611,0.485394951,0.076303582,0.067590692,,0.06455287,0.062725869,
141648.88+530903.5,2.625343735,,,,0.156496674,,1.011871837,,2.120297664,,,,0.202078457,,1.106686955,,2.372820699,,1.059279396,,1993.749903,4366.049821,22,10,0.154660569,0.182597667,0.027443799,0.042723972,,0.036341045,0.080572966,
141320.04+520527.8,1.653968513,1.113140012,-3.382633848,2.276551853,0.119881468,0.08068162,0.283512652,0.192281249,3.576473596,1.116594297,-7.199420807,2.247697906,0.211823178,0.066132336,0.924864562,0.312236157,3.953124191,0.891652179,0.604188607,0.183346323,3110.88378,1983.213531,24,24,0.42284345,0.229031565,0.02809238,0.050361273,0.0135168,0.026197502,0.047698847,
142554.48+351919.8,3.537675061,,,,0.219649946,,1.581071308,,2.143991107,,,,0.293643879,,1.687818085,,2.840833084,,1.634444697,,2188.954385,4365.73305,20,9,0.138924756,0.173978394,0.034948343,0.058317836,,0.073544331,0.096362086,
121938.27+552318.3,3.570030243,1.450846057,-3.396250699,1.380222743,0.209224774,0.085028114,0.875857502,0.4215639,1.094437999,1.162179793,-1.848191164,1.962587582,0.095381015,0.101284759,0.353318779,0.381219337,2.477227526,0.758797609,0.61458814,0.284184933,731.4098414,1812.151025,17,11,0.238879925,0.26995739,0.039044089,0.057469234,0.009951488,0.030702355,0.075386247,0.013624179
142628.80+021305.7,2.449763737,1.397179804,-2.510616148,1.43188591,0.247800878,0.141328887,0.334135931,0.195688404,5.069361161,2.3345938,-2.403019043,1.106662789,0.220495562,0.101544861,0.402814099,0.197414791,3.108190022,0.816908785,0.368475015,0.138984308,3450.41426,1621.006127,25,25,0.741616973,0.547387896,0.031927678,0.05779836,0.014967129,0.037191519,0.0572763,0.014344011
161809.35+551522.2,15.15566509,1.3637693,-16.34404066,1.470704238,1.131044664,0.101776067,0.587083809,0.056881773,11.54175738,2.176591961,-5.970054366,1.125857347,0.794741094,0.149875536,0.772556948,0.176693937,12.25287937,0.791673267,0.679820378,0.092812019,4748.310939,4909.193528,25,25,1.926547191,1.028715224,0.130033402,0.071430806,0.00546027,0.124996346,0.072182176,0.006233352
234329.77+273118.2,9.384815869,1.166220237,-15.6398471,1.943512419,1.485177189,0.18455809,0.684224551,0.090141681,10.82131636,1.089485561,-25.02556684,2.519563501,1.073644561,0.108094081,0.829784162,0.087956316,15.21788654,0.889960996,0.757004357,0.062971891,2919.698781,3081.27392,24,24,2.17059909,1.293884132,0.31048984,0.078827889,0.017743758,0.232376731,0.070496929,0.023111714
234212.44+275213.9,24.26176849,1.361777348,-26.24715841,1.473214362,1.759532456,0.098759966,0.966980129,0.064922436,12.56383837,1.818315037,-8.273081565,1.197330638,1.025836557,0.1484653,0.784843224,0.135815081,17.83646171,0.740129563,0.875911676,0.075267288,2392.815425,2392.783463,24,24,1.81961594,1.307059201,0.168204057,0.078384329,0.029033658,0.130250493,0.072811744,0.018830166
115346.15+561935.2,7.470601514,1.380169796,-7.853491839,1.450907562,0.796297847,0.147113487,0.379748342,0.072520501,5.021851289,1.194420428,-7.688347096,1.828632172,0.516040278,0.122737416,0.375308344,0.091125762,7.008572934,0.740799281,0.377528343,0.058230421,1823.595837,1289.181808,23,23,2.096909343,1.374976833,0.132278564,0.07505321,0.023851274,0.061657291,0.072733335,0.016677797
101549.73+331002.0,12.62205948,1.871033921,-7.981665563,1.18316405,0.398297598,0.059041737,0.521949111,0.084565413,7.709117938,1.982014541,-4.504959095,1.15822517,0.288490837,0.074171006,0.753072115,0.230942325,8.204450519,0.797281016,0.637510613,0.122969169,1078.517745,4208.491058,23,23,0.763096611,0.383085273,0.06957606,0.0672376,0.018699382,0.049485115,0.050541617,0.013119588
140518.48+043406.9,5.381450908,1.113693046,-10.97770291,2.271839249,0.433252315,0.08966171,0.384203283,0.080639991,6.739158266,1.342033012,-7.529656024,1.499452388,0.294221139,0.058591068,0.411887554,0.085061389,7.656992028,0.808199227,0.398045418,0.058605136,1644.840793,1985.462279,25,25,1.127664273,0.714323937,0.07421398,0.080508458,0.011963933,0.029301947,0.068515099,0.024748223
165101.20+345355.2,2.410119009,1.644971941,-1.845259895,1.259440193,0.135032248,0.092163191,0.1716556,0.11824282,2.893908367,1.175070996,-4.68965566,1.904233876,0.10496503,0.042621033,0.310992054,0.127951245,2.959735733,0.762357396,0.241323827,0.087110398,932.4027781,731.2531791,23,23,0.786646332,0.337516759,0.030144806,0.0619918,0.013063259,0.015147921,0.058000014,0.009751276
141745.79+512959.7,9.027372878,2.06443328,-4.998354727,1.143053464,0.419139291,0.095851264,0.262409063,0.061570256,9.639893764,2.180428675,-4.975188527,1.125328141,0.317662982,0.071851567,0.256608688,0.059531715,7.160202474,0.851068763,0.259508875,0.042822078,2190.894454,2914.525276,24,24,1.597274445,1.237927619,0.09967231,0.066702184,0.012735342,0.070681531,0.070192866,0.009284458
143929.51-001118.3,5.314371701,1.094376714,-11.95341784,2.461540681,0.575687197,0.118549981,0.698243354,0.149460628,5.375838882,1.130500754,-10.19527366,2.143993675,0.531906654,0.111856193,1.244916044,0.302730374,8.209725521,0.905938179,0.971579699,0.1688077,1827.224735,1095.591303,25,25,0.824479307,0.427263073,0.115974034,0.064899511,0.022077344,0.09254815,0.059947486,0.018988966
142557.63+334626.2,11.83640679,1.179756609,-18.90921269,1.884716287,0.991813655,0.098855906,0.261246407,0.026287874,9.975684276,3.785175612,-2.732545885,1.03683775,0.533577469,0.20246074,0.178690761,0.068802017,10.86346241,1.127679256,0.219968584,0.036826519,1079.654481,1620.027777,25,25,3.796468117,2.986038369,0.165651984,0.083793475,0.017588367,0.109642282,0.105052585,0.033867567
143822.20+642000.6,1.95869734,1.148831833,-3.463524022,2.031455585,0.137919012,0.080893433,0.220112401,0.129857828,3.92664246,1.802557929,-2.618218363,1.201914948,0.156432824,0.071811791,0.352072991,0.168413426,2.991770546,0.796101478,0.286092696,0.106332189,1253.839094,2188.917065,23,23,0.626584469,0.444319298,0.031367971,0.059252356,0.009944792,0.024299467,0.053036851,0.006737469
162054.19+435910.5,4.401146819,2.319920815,-2.102461516,1.108243927,0.359338188,0.189413391,0.916904173,0.627288779,2.107675546,1.254868608,-2.780257128,1.655310467,0.242757575,0.14453309,0.865520468,0.58150569,2.847885252,0.826324133,0.89121232,0.42767981,1986.987662,893.5445946,21,19,0.391903755,0.280475834,0.051896681,0.06145716,0.016897369,0.069974024,0.071113571,0.016201222
133521.81+321404.0,1.942788565,1.332721853,-2.205227486,1.512750751,0.1154238,0.079178879,0.331066849,0.232481665,1.937566811,,,,0.182270484,,0.741004541,,2.028527621,,0.536035695,,1617.356895,5094.107498,24,24,0.348641975,0.245977554,0.02605574,0.047837639,0.010960367,0.030784291,0.047119768,
113614.74+535157.2,4.148980553,,,,0.151356602,,0.776643987,,1.974246218,,,,0.168014113,,0.896707054,,3.061613386,,0.836675521,,3270.911044,1632.961255,23,10,0.194885436,0.187367894,0.025856374,0.037691864,,0.048031953,0.078740694,
123711.72+564414.6,2.438958985,1.084163325,-5.823407491,2.588614596,0.201531268,0.089584454,0.901078681,0.424119677,2.333025338,1.119603929,-4.633608901,2.223639257,0.206407654,0.099053712,0.968791623,0.507125183,3.807250179,0.937897254,0.934935152,0.330550091,2186.659197,560.1628931,20,14,0.223655573,0.213056812,0.037310519,0.047282412,0.008918076,0.022989554,0.074971,0.011295892
142951.20+034612.3,1.922187722,,,,0.166565873,,0.902831154,,,,,,,,,,1.922187722,,0.902831154,,2190.079427,,15,5,0.184492828,,0.041146693,0.066217693,,,,
160106.93+424432.9,9.076365834,1.371410247,-9.671229859,1.461292325,0.608029562,0.091871349,0.365212069,0.056879691,5.005558499,1.447462211,-4.783176004,1.383155649,0.504888175,0.145999004,0.299571112,0.088635791,7.134082549,0.708184639,0.33239159,0.052658339,3447.902181,5274.472709,25,25,1.66486711,1.685370034,0.103149433,0.078107969,0.013125184,0.043702116,0.083997841,0.014620369
092317.74+331948.7,3.287426708,1.644603218,-2.517848433,1.259605766,0.110534875,0.055297358,0.386117726,0.202035034,2.137400927,,,,0.123077678,,0.495545837,,2.647558689,,0.440831782,,1250.095605,3841.978772,23,21,0.286272469,0.248367897,0.023026831,0.040342194,,0.031530415,0.044635227,
160556.08+421201.8,3.166615865,1.497848076,-2.83964439,1.343186565,0.16575526,0.078404267,0.855238767,0.479581455,2.097124403,1.12830792,-4.013102299,2.159154269,0.227091877,0.122181385,0.884517093,0.514277741,3.02912174,0.789886263,0.86987793,0.351596347,1623.594179,363.3900431,19,10,0.193811677,0.256741084,0.024818297,0.052344606,0.010966748,0.01586001,0.079259621,0.010982937
120539.27+531640.4,4.094963891,,,,0.187339847,,1.053054302,,1.669179409,,,,0.145091862,,0.718700166,,2.88207165,,0.885877234,,4906.712347,4939.041339,21,11,0.177901411,0.201880935,0.046620908,0.04574884,,0.041953634,0.075703097,
103233.46+315914.6,1.829953971,1.03570285,-6.787839014,3.841727346,0.197809315,0.111954549,0.639833258,0.367115817,1.977577888,1.226766832,-2.782956766,1.726374002,0.198840718,0.123348465,0.848418507,0.586428634,3.34458191,1.126856065,0.744125883,0.345930833,1462.676648,1083.139782,23,21,0.3091576,0.234366313,0.031292747,0.052556752,,0.020592201,0.058272857,
145916.67+342802.3,5.780200634,1.517922616,-5.06161707,1.32921736,0.317433057,0.083360223,0.783199415,0.238721552,7.06887461,,,,0.235082609,,0.837385186,,5.970230771,,0.810292301,,3288.899212,3288.899212,25,25,0.40530298,0.280734139,0.045642767,0.058001421,0.010389129,0.043304881,0.044439135,
122721.71+452247.2,12.01788948,2.762021963,-4.667796176,1.072780339,0.389349118,0.089482502,0.541700832,0.139468439,5.517817531,1.215105395,-7.993638169,1.760317881,0.278574945,0.061346342,0.57470723,0.133133205,7.54928534,0.913606286,0.558204031,0.096405259,889.3194764,1618.197403,23,23,0.718753037,0.484724971,0.053306628,0.046199964,0.013228709,0.05912713,0.050486437,0.014825873
121743.38+564206.1,3.709222092,1.19914205,-5.604988285,1.812017986,0.305764599,0.098849618,0.165199116,0.053628163,2.945951188,1.165143291,-4.926650537,1.948523059,0.223478917,0.088387398,0.149741189,0.059398257,4.296703026,0.785638746,0.157470152,0.040012913,937.5457949,3653.345291,23,23,1.850885198,1.492434501,0.056004364,0.062308573,0.016707114,0.037699138,0.070434444,0.024091913
072822.23+403140.3,5.349989299,1.38726689,-5.564129669,1.442794074,0.294648379,0.076403132,0.735401266,0.214033807,3.286632473,,,,0.200634779,,0.907216058,,4.733583814,,0.821308662,,2746.728348,4366.783675,23,23,0.400663409,0.221154352,0.049473195,0.052954981,0.012968034,0.033512491,0.047452023,
123634.73+611152.9,4.070297334,1.16089965,-6.90289529,1.968791975,0.403419597,0.115060309,0.247957509,0.071279254,10.42366948,3.782632667,-2.857321962,1.036890072,0.266688579,0.096778292,0.218428307,0.081004844,6.063546016,1.134881072,0.233192908,0.053950247,1991.887903,1826.481854,23,23,1.62697068,1.220943302,0.068971368,0.06082119,0.012681775,0.033990127,0.07235428,0.011594441
020605.22-063303.3,2.908267862,1.359462702,-3.157918579,1.47616132,0.303198941,0.141729604,0.381020237,0.183944388,5.087043912,1.49960405,-4.552153535,1.341924307,0.360517146,0.106276451,0.599556961,0.193581336,3.926345972,0.710491214,0.490288599,0.133518979,2555.209996,564.3384692,25,25,0.795755477,0.601305914,0.061441208,0.050801954,0.014842678,0.055377166,0.064864154,0.014645788
130246.26+292444.4,4.216709425,1.596131823,-3.389527417,1.283022383,0.22575336,0.085453392,0.204481814,0.078378422,6.164983722,1.662196286,-4.64321215,1.25189787,0.346648389,0.093462966,0.466223128,0.134136579,4.603608178,0.729894171,0.335352471,0.077678502,1300.604381,1825.370959,24,24,1.104026592,0.743524653,0.027281034,0.065896831,0.015450336,0.049414941,0.05525258,0.012918403
121415.15+005511.5,15.05093579,1.563816721,-12.51846385,1.300688765,1.066519088,0.110813069,0.530382382,0.059513054,4.966472859,1.25917985,-6.490408718,1.64555251,0.644607326,0.163431187,0.352695445,0.091451874,9.756570305,0.725891304,0.441538913,0.054555588,2901.0998,2542.429374,22,22,2.010849388,1.827659915,0.221006861,0.086160161,0.021411689,0.176541218,0.091254408,0.030182439
121415.15+005511.5,15.05093579,1.563816721,-12.51846385,1.300688765,1.066519088,0.110813069,0.530382382,0.059513054,4.966472859,1.25917985,-6.490408718,1.64555251,0.644607326,0.163431187,0.352695445,0.091451874,9.756570305,0.725891304,0.441538913,0.054555588,2901.0998,2542.429374,22,22,2.010849388,1.827659915,0.221006861,0.086160161,0.021411689,0.176541218,0.091254408,0.030182439
143314.19+355028.3,2.349441994,1.143059462,-4.24315917,2.06439795,0.125697197,0.061154679,0.362698555,0.179164266,2.055807285,1.224986697,-2.905629734,1.731367428,0.097949696,0.058364943,0.336595,0.204320745,2.888509545,0.793195649,0.349646778,0.13587384,2915.013313,1650.295541,25,25,0.346561062,0.291001637,0.021368678,0.049088267,0.015326619,0.016293037,0.040783215,0.007072899
023315.18-025108.3,3.542943398,,,,0.221532485,,1.502649994,,,,,,,,,,3.542943398,,1.502649994,,2548.702357,,10,4,0.147427868,,0.031585256,0.067538638,,,,
115240.52-003004.3,4.811900237,1.727520558,-3.415937874,1.226356036,0.323567503,0.116163986,0.314619205,0.116609286,3.617517768,1.252266917,-4.799219283,1.661333523,0.263300465,0.091146052,0.47027976,0.169192332,4.16114379,0.742313862,0.392449482,0.102742117,2746.898243,5096.860326,24,24,1.028441678,0.559880495,0.051397653,0.067472012,0.019033131,0.046448654,0.055551318,0.015474541
140614.86-012937.7,11.33798575,1.178042909,-18.20708212,1.891757888,0.676564265,0.07029659,0.453449862,0.048449066,4.57786636,1.215474463,-6.625700992,1.759197346,0.438155074,0.116335048,0.353942401,0.095858825,10.18715881,0.7721191,0.403696132,0.053703413,2556.004679,2717.367024,25,25,1.492037647,1.237927619,0.123191515,0.069894483,0.018781279,0.086175092,0.082005376,0.031021761
141638.19-005352.9,7.901168541,2.08745169,-4.312074487,1.139229866,0.491745092,0.129916748,0.657295052,0.200485183,5.802754765,1.389459471,-6.015243988,1.440339644,0.362655356,0.08683719,0.684224551,0.181382972,6.007810445,0.777032623,0.670759802,0.135179595,3446.515555,5094.938562,25,25,0.748134481,0.530023886,0.074198398,0.064296056,0.011597001,0.054796557,0.060289384,0.00986064
115145.57+562212.0,5.87850046,1.146008487,-10.50175274,2.047307446,0.326682189,0.063686405,0.39187329,0.077782229,4.113418077,1.428860454,-4.030357496,1.400008055,0.273087111,0.094861102,0.553102992,0.206579473,6.131007193,0.770814017,0.472488141,0.110368875,3112.682078,3112.682078,23,23,0.833642397,0.493736455,0.032417163,0.049641087,0.011532414,0.033714781,0.045003723,0.012273276
120710.25+000806.1,4.002513054,1.178406714,-6.420334807,1.890253833,0.3445753,0.101448725,0.464199332,0.140728742,5.324613086,1.398428285,-5.44690255,1.430545745,0.237832746,0.062463137,0.672630167,0.195209307,5.298590875,0.748488675,0.568414749,0.120323785,2712.235348,3443.616303,24,24,0.742300293,0.353586202,0.052442109,0.070928432,0.015019711,0.023995325,0.05554818,0.016852385
160120.37+541708.2,6.948827889,2.102188456,-3.757937365,1.136866918,0.260096109,0.078685362,0.484567539,0.159354007,3.45413945,1.405178452,-3.498992762,1.423425228,0.22161184,0.090153911,0.601032185,0.265408835,4.414974366,0.779115226,0.542799862,0.154786586,1826.462229,2542.703829,25,25,0.53675925,0.368718756,0.048780516,0.05314632,0.009592089,0.024192076,0.056362415,0.008350202
160113.63+541207.6,2.24435696,1.333134989,-2.545727263,1.512147198,0.138250945,0.082120258,0.395083189,0.242554845,1.994140128,,,,0.157390477,,0.670321472,,2.261408117,,0.53270233,,3445.751541,1284.405401,25,24,0.349928695,0.234798502,0.0277791,0.061599357,0.013079057,0.026593071,0.047265517,
114703.29+532340.4,1.719717177,1.229316633,-2.40521206,1.719333406,0.18539594,0.132527788,0.17057704,0.12253332,2.139543952,1.747940724,-1.492395539,1.219240641,0.069823026,0.057043236,0.178691279,0.147544733,1.939217182,0.750382038,0.174634159,0.095895598,2378.989995,3652.74483,23,23,1.086875116,0.390746693,0.023339497,0.059540247,0.018871652,0.018856051,0.046147909,0.009273203
161217.95+545042.3,1.489129126,1.209802224,-2.187009205,1.776775804,0.112474387,0.091376739,0.393798342,0.327694424,1.923720479,,,,0.284197268,,1.644843032,,1.866619603,,1.019320687,,892.4562179,4542.412637,25,23,0.285614171,0.172780783,0.020931257,0.051123139,,0.024326954,0.050666429,
120036.19+543502.1,12.30828069,4.860268875,-2.587794844,1.02186317,0.292212867,0.115388423,0.386117726,0.162990812,3.776918682,1.302326438,-4.527058646,1.56098361,0.259927499,0.08962609,0.825575679,0.322029672,5.800013217,1.341620798,0.605846703,0.180464064,1984.846123,3632.909955,23,23,0.756797337,0.31484394,0.05086444,0.059886179,,0.05768631,0.047828457,
162935.00+315820.2,3.182312066,1.294045836,-3.874665387,1.575582314,0.314431283,0.127859394,0.695898562,0.309350678,4.430847164,1.660537612,-3.342360516,1.252608168,0.181418605,0.067989801,0.66647902,0.282929981,3.707546283,0.728158063,0.681188791,0.209611078,1989.395928,2906.423042,24,23,0.451834937,0.272204525,0.049825055,0.048884947,0.012228116,0.033010113,0.040944451,0.009353252
162845.69+442413.2,4.958166703,1.72852954,-3.516682913,1.225995547,0.249940151,0.087134814,0.223489188,0.079197374,3.593685782,1.404321053,-3.644858674,1.424318119,0.241975981,0.094558062,0.339060365,0.136198607,3.928348518,0.728512147,0.281274777,0.078775448,4017.971364,4544.442946,24,24,1.118354552,0.713666371,0.041271784,0.062118216,0.009400611,0.04504659,0.060798096,0.009287913
130345.98+263314.1,10.43466945,1.222712852,-14.8307931,1.737841473,0.479179583,0.056149266,0.307977362,0.036650464,9.575166816,2.374267196,-4.446527923,1.102565166,0.476060168,0.118044318,0.393157586,0.103500211,9.821789323,0.842908446,0.350567474,0.054898885,2909.59271,3632.743479,23,23,1.555892228,1.210863493,0.061752844,0.075149488,0.013019277,0.035264012,0.071208033,0.018222943
123007.31+611532.9,3.984290401,1.14749509,-7.079394486,2.03890018,0.385527418,0.111033779,0.339059189,0.098991714,3.84952689,1.04651749,-12.47646322,3.391803031,0.342834012,0.093201528,0.773372201,0.215642024,6.847418749,1.062820116,0.556215695,0.118638992,2710.886878,1460.040408,23,23,1.137050493,0.443297563,0.049977234,0.064205747,0.01873615,0.051795657,0.055525395,0.015855362
124939.87+581115.5,1.991954544,,,,0.126750717,,0.752264655,,,,,,,,,,1.991954544,,0.752264655,,1273.76341,,9,2,0.168492188,,0.045590779,0.06703079,,,,
161506.85+544612.3,2.733714398,1.287893818,-3.368364163,1.586886833,0.203941009,0.096079665,1.045501439,0.58984291,,,,,,,,,3.051039281,1.021870871,1.045501439,0.58984291,730.7460955,,21,8,0.195065259,,0.02714012,0.05519522,0.013807958,,,
143132.84+342115.4,3.477546647,1.411831471,-3.489311324,1.416607752,0.162012565,0.065774657,0.658823526,0.294983542,1.661203489,,,,0.192441607,,0.965169438,,2.876020486,,0.811996482,,4366.195162,2903.494303,25,22,0.24591193,0.199386345,0.025643079,0.046508697,0.007688718,0.021010247,0.060071711,
163102.45+313615.0,4.523206264,1.38649023,-4.709744009,1.443669307,0.177511526,0.054412287,0.655008978,0.220477876,1.817669868,1.077200137,-4.539069175,2.689974688,0.162383687,0.096232948,0.574707922,0.348273806,3.897422329,0.880442367,0.61485845,0.206097755,1095.64002,1990.137644,24,22,0.271006249,0.282549938,0.036036008,0.045179488,,0.028584738,0.050030154,0.011110207
131910.57+175223.2,2.924855221,1.727528468,-2.076322125,1.226353206,0.247441859,0.146148381,0.212272448,0.12724035,4.722178285,1.920229824,-2.880618275,1.171376596,0.458762995,0.1865517,0.411237862,0.177232138,3.150993476,0.77248392,0.311755155,0.109088654,3282.741964,5273.821499,25,25,1.165680524,1.115566043,0.025851289,0.079718604,0.016209254,0.03233993,0.064990071,0.019387018
172130.96+584404.7,5.37356667,1.16359573,-9.032097174,1.955816379,0.414910105,0.089844912,1.039858616,0.25501906,7.339526466,1.713317054,-5.275655944,1.231533307,0.345431365,0.080636462,0.974241324,0.289981843,6.755211563,0.77585849,1.00704997,0.193083007,4545.015892,5113.247492,24,24,0.399006267,0.354564477,0.04058757,0.056651169,0.009010115,0.048591247,0.056766909,0.009205973
121448.31+554928.4,1.543837399,1.264824636,-1.993448751,1.633179176,0.142935305,0.117103067,0.152391171,0.125392341,2.036166892,1.113231118,-4.16252616,2.275773006,0.18372011,0.100445079,0.222362376,0.122150861,2.433994801,0.817216383,0.187376773,0.087527242,2190.842421,3474.675913,23,22,0.937950041,0.826219406,0.027465435,0.069749991,0.018575603,0.02586108,0.057476223,0.016325058
122743.12+542833.3,4.99309672,,,,0.161607875,,0.828100569,,2.095871366,,,,0.202537204,,1.097007387,,3.544484043,,0.962553978,,2921.438492,4017.243271,23,14,0.195154889,0.184627019,0.022278725,0.034070226,,0.024434734,0.060475482,
103548.55+311323.2,11.22722455,2.001758556,-6.474451767,1.154362698,0.467505201,0.083353863,0.834846667,0.183696389,2.829177728,1.290401421,-3.469006073,1.582230173,0.281373992,0.128336016,0.53038171,0.255139169,5.999965029,0.770883369,0.682614188,0.157194433,1078.002102,1826.875427,23,23,0.559989301,0.530512245,0.046436012,0.052019845,0.011590724,0.043300606,0.059268876,0.02307251
160244.07+425630.0,6.670689638,1.711774892,-4.801451931,1.232107219,0.424103733,0.108829845,0.212271916,0.055273879,3.492435411,1.335155506,-3.947728712,1.509213802,0.375843621,0.143684742,0.279970203,0.108858478,4.728076423,0.729238816,0.24612106,0.061043775,2553.12614,3083.298604,25,25,1.997926722,1.342441507,0.130036742,0.087561683,0.013511308,0.082245121,0.068615216,0.011473154
154643.07+420526.7,1.216561649,1.428054493,-1.193315762,1.40076743,0.067882232,0.079683201,0.193988755,0.229885935,3.252890347,,,,0.185016951,,0.985181662,,1.887589253,,0.589585208,,1805.86422,3288.970191,25,23,0.349928695,0.187799832,0.016814755,0.053782756,0.013766429,0.025159229,0.050555997,
092907.48+640132.5,4.013531503,3.002295322,-1.417777383,1.060558863,0.130800893,0.097844731,0.272917404,0.210805284,3.67031694,,,,0.275359654,,1.432204351,,3.033875275,,0.852560877,,4002.075838,3810.471548,22,22,0.479269155,0.192262825,0.019784745,0.058770464,0.013167539,0.028582197,0.050587813,
142823.15+340445.8,4.544396763,1.318147047,-5.291658429,1.534897654,0.33188929,0.096267758,1.627848332,0.688270136,,,,,,,,,4.918027596,1.011610405,1.627848332,0.688270136,2716.600504,,14,3,0.203882194,,0.060378031,0.061559363,0.011843588,,,
102144.38+331709.1,2.890201164,,,,0.20482337,,1.150799968,,,,,,,,,,2.890201164,,1.150799968,,4365.639787,,13,3,0.177983468,,0.042887216,0.061287757,,,,
013313.03+311507.3,3.937791958,1.276001521,-4.968333679,1.609938107,0.134126417,0.043462304,0.464873406,0.156791717,2.013493066,1.107441024,-4.231431884,2.327329226,0.205529434,0.113043214,0.699807355,0.401924904,3.787762647,0.823975407,0.58234038,0.215712349,3270.997876,2750.622723,24,23,0.288522458,0.293694304,0.019350102,0.047325576,0.015604527,0.018969453,0.05200041,0.010110301
164551.37+301225.4,4.023349419,,,,0.154432964,,0.742609453,,1.703989992,,,,0.146061055,,0.633051632,,2.863669705,,0.687830543,,3999.051077,2724.679083,23,23,0.207959869,0.230725343,0.024503148,0.038384179,,0.018170085,0.043171105,
114246.89+504100.5,3.79729477,2.202213057,-1.935345375,1.122389257,0.12740698,0.073888737,0.620316582,0.411034705,2.559370598,,,,0.197597437,,1.11348904,,2.764003581,,0.866902811,,1459.21729,3479.429087,21,13,0.205390253,0.177457909,0.030986121,0.041479892,,0.044434828,0.067901957,
022108.81-035944.0,2.777388377,1.061064324,-7.828833616,2.990901855,0.252610214,0.096506376,0.975150205,0.391844119,3.197910313,,,,0.300042985,,1.601357513,,4.601377435,,1.288253859,,160.5495755,2378.782107,24,20,0.259047491,0.187367894,0.049213915,0.050277447,,0.071157436,0.061190542,
123215.22+584029.7,5.466283809,2.523632147,-2.359156931,1.089157548,0.180146978,0.08316888,0.363954733,0.17716096,1.942525791,1.431455079,-1.896556893,1.397580414,0.118716265,0.087482494,0.309182521,0.233346599,2.916130856,0.849899922,0.336568627,0.146489454,4384.507806,3112.472235,23,23,0.494970834,0.383968228,0.030190001,0.059770971,0.008459369,0.016064406,0.051139906,0.010411409
164239.69+305545.9,3.426382442,1.465157724,-3.199730211,1.36823881,0.140252578,0.0599735,0.546677327,0.251733471,2.483264434,,,,0.241184658,,1.509574131,,3.036459029,,1.028125729,,3104.822781,4932.14254,23,21,0.256554591,0.159769999,0.039414614,0.040392021,,0.027186835,0.054366965,
161339.24+534552.0,5.961653558,,,,0.16758407,,0.788956235,,1.847128307,,,,0.190397261,,0.960650432,,3.904390932,,0.874803334,,3474.869575,3108.275533,24,17,0.212412378,0.198196196,0.031512022,0.042945046,,0.012473287,0.078429504,
165358.91+355318.3,3.898193997,1.213079485,-5.67667621,1.76652559,0.352299293,0.109632062,0.240509465,0.075534655,7.391255689,1.438279147,-7.149918811,1.391316924,0.365567067,0.071136423,0.312803512,0.062388453,6.029011177,0.732998302,0.276656489,0.048984189,3286.342114,3085.218338,23,23,1.464804273,1.168679547,0.086348051,0.073425953,0.010694876,0.049610603,0.069745835,0.013360624
095037.35+324121.8,7.255880684,,,,0.269913591,,1.427726381,,2.60661465,,,,0.208733183,,1.122266725,,4.931247667,,1.274996553,,4382.217199,1465.010069,23,17,0.189051344,0.18599249,0.031154726,0.041996513,,0.057205337,0.07119664,
171352.42+584201.2,16.29818915,1.731425605,-11.53080389,1.224966094,1.318494993,0.140069303,0.329229607,0.036216662,8.146170438,1.480868912,-7.458272269,1.355817881,0.646793012,0.117578643,0.192340195,0.035315055,10.85835893,0.730136606,0.260784901,0.02529229,3813.13278,3650.605467,24,24,4.004788649,3.362755316,0.149530848,0.100299829,0.014082847,0.077976921,0.092827128,0.013852192
170956.01+573225.5,6.742560901,1.39897166,-6.891936946,1.429964758,0.625567094,0.129794992,0.53320519,0.118072237,7.518344655,1.689559729,-5.520719591,1.240643509,0.533688005,0.119933017,0.513560983,0.124907097,6.668390523,0.724384623,0.523383086,0.085940148,5276.155157,5276.155157,24,24,1.17322019,1.039191104,0.063461702,0.07930642,0.009915757,0.060192597,0.060094534,0.011821684
153938.14+433708.6,2.165310556,1.184597682,-3.40974057,1.865400215,0.177103334,0.096889658,0.574707922,0.328994579,1.299665923,,,,0.179099674,,0.826417724,,2.29157235,,0.700562823,,3447.060624,3268.397324,25,25,0.308162332,0.216718094,0.024061719,0.069852035,,0.018426125,0.042638623,
155028.39+432634.5,2.997355139,1.743639913,-2.098424273,1.220708307,0.114572254,0.066649678,0.299571112,0.179439285,2.187422225,1.06848834,-5.811627374,2.838800857,0.163419021,0.079825155,0.556681979,0.277100951,3.273707253,0.926379598,0.428126545,0.165063165,720.5584047,2716.708909,25,25,0.38245428,0.29355903,0.026599232,0.054672063,0.013222087,0.013715616,0.050073626,0.011422443
113016.42+513021.9,3.088879671,1.216790713,-4.455724257,1.755226643,0.16892513,0.066544039,0.414490555,0.167769572,1.290731105,1.060564688,-3.653700196,3.002163186,0.125790418,0.103359154,0.437474077,0.363259003,3.122258807,0.958487789,0.425982316,0.200064822,2920.032299,3653.515544,23,23,0.407548804,0.287537993,0.037034105,0.051921391,0.014942751,0.032013557,0.034428227,0.006025856
100043.13+020637.2,4.168142256,1.211425291,-6.09576096,1.771666738,0.166438081,0.048373421,0.217306691,0.063631151,1.770648297,1.312178405,-2.084107934,1.544474659,0.115929048,0.085911806,0.301367932,0.227547385,3.529664862,0.737968851,0.259337311,0.11813841,3115.687877,1095.343554,23,23,0.76591328,0.384676124,0.042081303,0.05293927,0.017212718,0.032116511,0.054402733,0.013663276
100043.13+020637.2,4.168142256,1.211425291,-6.09576096,1.771666738,0.166438081,0.048373421,0.217306691,0.063631151,1.770648297,1.312178405,-2.084107934,1.544474659,0.115929048,0.085911806,0.301367932,0.227547385,3.529664862,0.737968851,0.259337311,0.11813841,3115.687877,1095.343554,23,23,0.76591328,0.384676124,0.042081303,0.05293927,0.017212718,0.032116511,0.054402733,0.013663276
154713.96+434217.3,1.187082634,,,,0.095345243,,0.186861243,,3.951467688,1.482718254,-3.609506723,1.35440346,0.127276169,0.047758128,0.571810082,0.232899773,2.916019015,,0.379335663,,2921.737494,4909.870702,25,24,0.510246221,0.222584689,0.012867034,0.062580743,,0.018021278,0.036245687,
154755.47+424120.0,3.881388454,,,,0.167482794,,0.910731424,,2.95774094,,,,0.186971181,,1.093149311,,3.419564697,,1.001940367,,2558.036887,1284.591742,25,9,0.183899215,0.171039014,0.021137506,0.03423623,,0.051818775,0.063765592,
164627.13+325855.7,1.711337086,1.307729461,-2.030759889,1.551818491,0.157472798,0.120333872,0.280560025,0.217867479,2.84559559,,,,0.08633776,,0.35768898,,2.195897521,,0.319124503,,162.9689413,1820.975042,23,23,0.561280239,0.241376627,0.021650528,0.057264988,0.017512604,0.012078569,0.035764466,
160433.83+535446.8,3.844884553,1.209270413,-5.654639865,1.778463979,0.212272645,0.06676274,1.015580988,0.367825106,2.956183068,,,,0.164820107,,0.824735626,,4.151902495,,0.920158307,,4910.323716,4178.458207,25,24,0.20901597,0.199845989,0.028966548,0.046678981,,0.025621336,0.036421521,
124331.99+572854.4,3.719229043,1.349467169,-4.10454521,1.489273432,0.454326233,0.164845544,0.158777193,0.05793644,2.751784701,1.293399227,-3.35463395,1.576751611,0.285525627,0.134203314,0.109685641,0.05167925,3.482548226,0.7158048,0.134231417,0.038818089,4748.291114,3442.350733,23,23,2.86140738,2.60312676,0.083369379,0.088173052,0.013109503,0.070041262,0.085113795,0.021588944
112016.38+515900.3,5.208492266,1.073693161,-13.32374099,2.746593229,0.523656545,0.107948025,0.674942788,0.143273996,1.843005414,1.280617481,-2.303790728,1.600795448,0.209337897,0.145459025,0.22067464,0.154786499,5.669757351,0.897883573,0.447808714,0.105458876,1991.882945,3270.727359,23,23,0.775853235,0.948626887,0.036989164,0.066708982,0.027488566,0.030964245,0.088675979,0.021764495
022258.90-045852.4,6.640833556,1.491554695,-6.000693692,1.347777018,0.295106952,0.066282065,0.403459296,0.094591505,5.286448812,2.483646973,-2.325314367,1.092464941,0.18117207,0.085117151,0.382292698,0.190285778,5.063322607,0.844216361,0.392875997,0.106249977,1619.922106,1295.908248,25,25,0.731441697,0.473909315,0.061802297,0.058944576,0.013759085,0.034337903,0.0735313,0.017586354
121405.12+010205.1,6.249109722,1.746406438,-4.36463627,1.21976237,0.426710279,0.119250519,0.289436647,0.083133414,4.829091247,1.605563703,-3.844453797,1.278194003,0.299976657,0.099735459,0.311596172,0.106632589,4.821822759,0.739483367,0.300516409,0.06760487,1459.682433,4733.371381,22,22,1.474278683,0.962709699,0.087181321,0.05814347,0.012835345,0.058513135,0.07456172,0.013138451
015323.38+045923.8,7.052130099,1.246912221,-9.467950305,1.674061989,0.565843916,0.100048877,1.299322675,0.290816591,8.388867459,1.305561003,-9.994614789,1.555463759,0.364019735,0.056652459,1.141904269,0.220462249,8.725890663,0.728063814,1.220613472,0.182467732,5300.057225,4729.285221,25,25,0.43549145,0.318783058,0.046806405,0.047684158,0.009427349,0.037357757,0.056561101,0.013167909
085524.55+312152.2,2.959143804,1.226079984,-4.171234751,1.728292971,0.267196582,0.110709179,0.261246961,0.109473688,4.741464018,1.217287356,-6.830999313,1.753738731,0.313757335,0.080551668,0.396367993,0.104327191,4.675710471,0.751983077,0.328807477,0.075611922,5095.128458,5095.128458,23,23,1.022773935,0.791580905,0.055292018,0.07924045,0.016584145,0.018683265,0.061159969,0.02233882
122256.17+555533.3,0.951919846,1.080085061,-2.33229821,2.64631572,0.127111959,0.144226143,0.631549054,0.736703764,,,,,,,,,1.642109028,1.429123038,0.631549054,0.736703764,2386.052659,,20,7,0.201270128,,0.023232299,0.045892946,,,,
160205.95+440714.2,2.525866814,,,,0.246358245,,1.560945551,,,,,,,,,,2.525866814,,1.560945551,,4366.032203,,14,5,0.15782629,,0.035874232,0.065393966,,,,
074417.57+311649.4,2.004689968,1.282031878,-2.498833177,1.598044508,0.236213553,0.151062413,0.558116977,0.378066793,4.580805109,2.097547414,-2.484398099,1.137604129,0.18477217,0.084607046,0.761975675,0.419944222,2.892181588,0.786256967,0.660046326,0.28252772,1826.755703,2348.618339,22,22,0.423233054,0.242490903,0.044309127,0.060613672,0.016103807,0.025651096,0.0578081,0.014757689
092459.18+313426.9,4.132568771,1.303706691,-4.94059572,1.558615973,0.160798057,0.050727166,0.571085421,0.191873873,2.645146854,,,,0.2821111,,1.542144279,,3.906103782,,1.05661485,,2396.819037,4175.869773,23,16,0.281565684,0.18293431,0.022896677,0.04511124,0.010674984,0.026912651,0.065911404,
160434.01+540300.8,5.316155471,,,,0.149741953,,0.465547146,,2.846796984,,,,0.190714709,,0.87154305,,4.081476228,,0.668545098,,3652.881443,4910.103931,25,25,0.321647237,0.218824198,0.029791139,0.051321543,,0.012387645,0.044373948,
130928.54+003534.4,6.931775609,1.825964057,-4.537123534,1.195166284,0.457359513,0.120477361,0.415793855,0.11596709,5.11865664,1.928627316,-3.103867805,1.169487359,0.393899976,0.148415162,0.503142125,0.206376021,4.922855897,0.784612611,0.45946799,0.118363242,1091.494463,1619.838701,25,25,1.099966985,0.782880139,0.11815898,0.064244991,0.018918158,0.076165571,0.060527917,0.015210193
113354.23+511800.9,2.12675663,1.201946691,-3.189304789,1.802450869,0.09531701,0.053868864,0.249684065,0.1424576,1.565766658,,,,0.131537712,,0.633804158,,2.293942692,,0.441744111,,1462.750314,4541.064823,23,17,0.381750472,0.20753684,0.017241578,0.044056055,0.012260013,0.025832823,0.075980791,
112301.33+513306.4,2.39972766,1.27855041,-3.012178718,1.604858084,0.132612726,0.070654707,0.471634463,0.261908332,1.238523388,1.195781656,-1.888963809,1.823775225,0.079967596,0.077207896,0.324951595,0.31867855,2.134848394,0.748594953,0.398293029,0.206247419,5097.455169,2903.70542,23,23,0.281176921,0.246090795,0.013930516,0.048625392,0.01152533,0.011788413,0.043361973,0.006021984
092038.84+321009.4,1.488473662,1.063965227,-4.096547493,2.928223853,0.144570008,0.103339055,0.573981924,0.418091735,1.653233842,1.061833338,-4.63016173,2.973844329,0.232988903,0.14964331,1.053998565,0.718219415,2.967104182,1.108990449,0.813990245,0.415523714,154.5530857,2548.042284,23,20,0.251872057,0.221052391,0.022945111,0.041313448,0.010180675,0.043708423,0.063052996,
113535.03+552455.2,3.188398943,1.274012121,-4.039163018,1.613958208,0.252484764,0.100887203,0.528269357,0.222103993,2.29142778,1.315418173,-2.681316616,1.539237952,0.152367303,0.08746805,0.415141744,0.246832065,3.050076589,0.721437212,0.471705551,0.166024285,731.6801989,573.7148945,21,21,0.477947019,0.36702477,0.023797944,0.048409757,0.010326432,0.021501382,0.052671243,0.006768659
172701.43+570548.5,4.318106028,1.171750897,-7.07031545,1.918583845,0.384717195,0.104395935,0.273502857,0.074967399,3.694053269,1.175122335,-5.985363623,1.904015445,0.304251609,0.09678606,0.281149557,0.090406802,5.266959592,0.792943545,0.277326207,0.058722868,3110.02139,2749.94476,23,23,1.406629527,1.082169974,0.114710853,0.072836423,0.017122707,0.042393229,0.074732529,0.015715871
111353.73+515725.8,2.762737482,1.320836018,-3.20166459,1.530682498,0.12793853,0.061166079,0.614357819,0.316492841,2.899669309,,,,0.17615399,,0.945359808,,2.95469046,,0.779858814,,886.9621299,3477.073582,22,14,0.208247582,0.186335392,0.022570676,0.042055055,,0.026765009,0.058860494,
155716.21+425652.5,1.841754261,1.426098945,-1.811432682,1.402620476,0.14307678,0.110786575,0.250258833,0.196839575,4.407635803,1.383056325,-4.61325254,1.447576068,0.160879765,0.050481888,0.471635109,0.15564951,3.168518822,0.70752313,0.360946971,0.125471698,1275.473342,526.0898985,25,25,0.571715208,0.341110663,0.016867994,0.058765889,0.010800446,0.025638106,0.047205148,0.009004092
161848.25+540918.0,3.334420798,1.513731282,-2.934222045,1.332052541,0.23304944,0.105797753,0.42429556,0.202153472,3.161816307,1.413979635,-3.162862743,1.414447606,0.146329751,0.065439377,0.458814696,0.215709033,3.148330473,0.710006461,0.441555128,0.147814422,2191.076075,1294.122917,25,25,0.549262027,0.318929957,0.027469467,0.06363415,0.009581193,0.027045667,0.048343669,0.011428892
081445.86+320536.1,2.939495331,1.479127353,-2.69710512,1.357158801,0.18273638,0.091951287,0.45211126,0.239789669,2.942261867,1.075590257,-7.428097608,2.715458302,0.234536912,0.085738669,0.98518079,0.38311853,4.001739982,0.886013048,0.718646025,0.225986113,1616.999298,2921.990505,22,22,0.404184535,0.238064845,0.042997461,0.051942915,0.013306859,0.03190187,0.040985925,0.006255892
120137.55+534903.0,2.980196507,1.328820329,-3.405630915,1.518514495,0.115698479,0.051588038,0.426921437,0.197737256,0.986858144,1.13231728,-1.857892292,2.131738549,0.09644615,0.110661946,0.404752431,0.472708412,2.307644465,0.786531206,0.415836934,0.256199758,3442.298087,2191.173564,23,20,0.271006487,0.238284301,0.024857008,0.038822433,0.008827728,0.016779189,0.051911594,
161758.81+442259.4,8.409707927,1.372679006,-8.943220832,1.459761931,0.559795762,0.091372958,0.766037541,0.141207683,10.73547666,1.601062508,-8.585905778,1.280480808,0.441815981,0.065891345,0.695898562,0.118121093,9.1685778,0.716684415,0.730968052,0.092049175,1826.190265,4730.048333,24,24,0.730768052,0.634885607,0.061333797,0.063437381,0.0094551,0.0676745,0.063175661,0.006712194
140447.81+053708.2,9.869968622,1.532773018,-8.496626452,1.319497586,1.018673779,0.158196621,0.195639069,0.030714226,12.61883813,1.476016263,-11.62336103,1.359576035,1.12835103,0.131982394,0.246234434,0.029270419,10.65219856,0.712282336,0.220936751,0.021213917,3651.126269,3083.172845,25,25,5.206903636,4.582425836,0.255659775,0.114097119,0.025681138,0.172211416,0.095501675,0.027440836
143005.51-011321.6,10.2549894,1.387290793,-10.66507632,1.442767186,0.44254876,0.059867816,0.285878413,0.039425402,4.369956468,1.48328871,-3.988964568,1.353969119,0.295746657,0.100384908,0.271159307,0.093866867,7.319746689,0.708851654,0.27851886,0.050905184,2922.684792,4384.29877,24,24,1.548031402,1.090674926,0.080608413,0.053235163,0.012802258,0.042036303,0.066885788,0.015528485
160235.34+561800.6,3.596856537,1.516774756,-3.153917263,1.329989683,0.266177558,0.112245622,0.217867102,0.093097876,2.839602923,1.134851036,-5.29232716,2.115085496,0.268718225,0.107393591,0.258346107,0.104015705,3.720675971,0.783858714,0.238106605,0.069796994,2914.884251,5272.383007,25,25,1.221742772,1.040148149,0.040928131,0.073527251,0.009308905,0.036954952,0.071963621,0.014423404
140716.83-012244.4,2.663977699,1.158956093,-4.547472592,1.978365311,0.305405506,0.132865816,0.601031482,0.273277409,3.601426517,,,,0.240951346,,1.209021504,,3.604292269,,0.905026493,,2190.008621,5112.315806,25,23,0.508135621,0.199294508,0.026886507,0.067176878,0.018609462,0.026582925,0.05213035,
130451.41+245445.9,9.752789707,1.682934475,-7.205005363,1.243290616,0.489106573,0.084399883,0.21898977,0.038370427,2.811371919,1.252339043,-3.729144345,1.661165152,0.358708459,0.159788396,0.180320967,0.080796696,5.874577834,0.737642475,0.199655369,0.044722465,2717.422355,4363.108332,23,23,2.233467676,1.989277589,0.066316787,0.072470457,0.014615723,0.038513865,0.072070189,0.024120769
121449.54+572734.1,1.985454763,,,,0.145207534,,0.848416884,,,,,,,,,,1.985454763,,0.848416884,,2542.548349,,18,7,0.171151161,,0.028838691,0.050920304,,,,
143740.56+341442.6,5.697035678,1.214444504,-8.267212073,1.762332349,0.341338177,0.072763503,0.205591613,0.044123446,3.420193238,1.358242078,-3.721072692,1.477728641,0.233617552,0.092775223,0.119952688,0.047792819,5.27637842,0.733535712,0.162772151,0.032523192,2914.670515,2355.064739,25,25,1.660272865,1.9475808,0.042016016,0.064791031,0.013099536,0.030724826,0.074307116,0.015256875
141440.34+532057.1,3.548042648,,,,0.141653355,,0.64513013,,2.673432897,,,,0.218389959,,1.193816287,,3.110737772,,0.919473208,,1634.405238,1465.518337,24,21,0.219573306,0.18293431,0.019685707,0.039924367,,0.035486255,0.056394786,
142832.27+531022.0,3.548986316,,,,0.159460347,,0.951640999,,1.757926331,,,,0.204062116,,1.068235621,,2.653456323,,1.00993831,,4017.919458,2906.198079,24,18,0.167563553,0.191027253,0.019627767,0.032669064,,0.04101701,0.07081395,
121833.92+533148.3,3.979579446,1.933357108,-2.405087,1.16843805,0.099823023,0.048495966,0.376574332,0.192213805,2.423638472,1.179019085,-3.880499704,1.887733365,0.111586717,0.054283207,0.417750745,0.208138443,3.172201156,0.792809105,0.397162538,0.141657826,731.1225369,1820.222459,23,23,0.265081855,0.267113149,0.01738047,0.043099176,,0.023396762,0.042572625,
135628.71+052144.5,5.583271735,1.156325038,-9.616507639,1.991629476,0.549093087,0.113720076,0.562427167,0.121037097,4.477578606,1.197507937,-6.796506182,1.81769452,0.508974602,0.136122931,0.569640548,0.159653692,6.61846604,0.792216597,0.566033857,0.100173949,4177.226691,4380.780746,25,25,0.976291898,0.893501356,0.073449234,0.057099012,0.01512822,0.102256036,0.061552098,0.013335585
115758.72-002220.9,9.820204614,1.236798726,-13.49327598,1.699401102,1.627596078,0.204986437,0.323122212,0.041424493,12.08665705,1.915356854,-7.398865274,1.172488577,1.38131087,0.218894541,0.364582657,0.060503591,10.69975073,0.768966698,0.343852435,0.036662901,3111.03544,4731.438894,24,24,5.03709128,3.788745412,0.162057393,0.097695909,0.022743317,0.142051105,0.095309426,0.018940737
115758.72-002220.9,9.820204614,1.236798726,-13.49327598,1.699401102,1.627596078,0.204986437,0.323122212,0.041424493,12.08665705,1.915356854,-7.398865274,1.172488577,1.38131087,0.218894541,0.364582657,0.060503591,10.69975073,0.768966698,0.343852435,0.036662901,3111.03544,4731.438894,24,24,5.03709128,3.788745412,0.162057393,0.097695909,0.022743317,0.142051105,0.095309426,0.018940737
164729.85+354605.8,12.68877068,1.613352564,-10.02225513,1.274310287,0.929173953,0.118142665,0.526159251,0.072378523,14.29339994,1.746599851,-9.981456081,1.219696488,0.85826992,0.104877364,0.652722428,0.090463264,11.74647046,0.740145415,0.589440839,0.057927223,4911.743874,4911.743874,24,24,1.765955747,1.314907966,0.081373293,0.070884646,0.018476636,0.068503214,0.069335257,0.013194706
140750.73+513521.1,5.767908899,,,,0.240295548,,1.040796809,,3.519350024,,,,0.159031272,,0.814680302,,4.643629462,,0.927738556,,4001.445668,5097.132511,24,24,0.230876522,0.195206968,0.035036112,0.046984465,,0.01801555,0.044666905,
100033.11+021729.9,0.931884983,1.034627183,-3.510842187,3.897919625,0.122315068,0.135800551,0.145512479,0.161668055,3.293139769,1.242421175,-4.466489272,1.685097274,0.157167377,0.059295411,0.480470836,0.188494452,3.050589053,1.13598509,0.312991657,0.124163922,1819.251207,2751.733933,23,22,0.840581298,0.32711117,0.017229816,0.06206833,0.015515633,0.014090509,0.040644682,0.007432771
142120.51+522737.3,1.956800889,,,,0.166129905,,0.914257472,,1.658666605,,,,0.222911873,,1.177708395,,1.807733747,,1.045982934,,1825.69713,4540.853961,19,15,0.181710197,0.189275948,0.027748304,0.041168711,,0.045360603,0.068637699,
141500.75+510946.1,1.011475325,1.138116855,-1.861299387,2.094342938,0.099563236,0.112029027,0.186861243,0.211092383,1.033709611,1.229884093,-1.443786406,1.717784102,0.068615535,0.081637197,0.158243973,0.189072255,1.337567682,0.796279608,0.172552608,0.141693606,1462.449641,3111.097968,24,24,0.532819081,0.433605994,0.015184574,0.051601117,,0.018933655,0.059234238,0.005837442
125731.87+272313.3,6.360190183,1.766013041,-4.369431235,1.213245566,0.329815074,0.091578664,0.519147693,0.156792454,3.227314552,1.230789923,-4.497835189,1.715324037,0.363558573,0.138649091,1.404361448,0.692178362,4.61369279,0.751995148,0.961754571,0.354857281,4384.762706,1825.119812,13,13,0.635301049,0.258878206,0.054364602,0.069528225,0.006430639,0.055417762,0.079858565,0.007400617
155018.40+425153.1,2.829311492,1.223017332,-4.018278479,1.736968248,0.134527732,0.058151868,0.599559771,0.274174967,2.503182663,,,,0.193924218,,1.005395038,,3.116924211,,0.802477404,,3107.315991,5094.443799,24,21,0.224377516,0.192883604,0.020143724,0.04611978,,0.033413422,0.07354423,
112523.69+513149.0,4.256852552,1.154582808,-7.376093545,2.000612118,0.480774296,0.130400039,0.271745069,0.074382029,3.075123927,1.064177889,-8.448825641,2.923801983,0.389135297,0.134664224,0.194538431,0.067470856,5.789223916,0.968781545,0.23314175,0.050212057,3116.054543,2384.54504,23,23,1.769210743,2.000300373,0.114077904,0.077806198,0.022967823,0.087099466,0.067148652,0.01280343
115918.06+514640.1,1.676659413,1.084644105,-3.99144852,2.582099306,0.130687722,0.084542911,0.706082269,0.473540122,1.702526768,,,,0.184358391,,0.834003152,,2.456878234,,0.770042711,,731.3854563,3652.842368,19,10,0.18508852,0.221052391,0.0249552,0.040842621,,0.048319158,0.083550418,
112523.69+513149.0,4.256852552,1.154582808,-7.376093545,2.000612118,0.480774296,0.130400039,0.271745069,0.074382029,3.075123927,1.064177889,-8.448825641,2.923801983,0.389135297,0.134664224,0.194538431,0.067470856,5.789223916,0.968781545,0.23314175,0.050212057,3116.054543,2384.54504,23,23,1.769210743,2.000300373,0.114077904,0.077806198,0.022967823,0.087099466,0.067148652,0.01280343
162659.42+424450.0,2.434225947,,,,0.103126234,,0.610645522,,,,,,,,,,2.434225947,,0.610645522,,4017.932653,,12,5,0.168880685,,0.031424684,0.055924464,,,,
142854.61+342244.4,2.936214212,1.136775475,-5.431304806,2.102766914,0.259600163,0.100505984,1.045503236,0.452045735,2.140908505,1.299397034,-2.580283212,1.566069893,0.198235276,0.120316365,0.836538085,0.575621484,3.272177684,0.784812666,0.941020661,0.365952674,1623.112474,1095.477888,20,15,0.248301635,0.236971011,0.028317485,0.062268247,0.01865534,0.015057649,0.070553488,0.009858504
023109.23+015402.2,2.681099422,1.106003815,-5.674434606,2.340810739,0.248894536,0.102673666,0.74582295,0.322905213,2.810247665,1.456988449,-2.652103246,1.3749976,0.119372553,0.061889361,0.425607268,0.230987418,3.454471235,0.818385342,0.585715109,0.198508793,2922.01334,1462.678138,25,15,0.33371799,0.280475834,0.041293117,0.053861764,0.014221954,0.027687343,0.055039454,
162540.29+445036.6,6.441652084,2.538278325,-2.761110633,1.087992208,0.230280817,0.090740201,0.415793855,0.175396942,2.069255155,1.106432398,-4.370220588,2.336760469,0.167803072,0.089724438,0.468926303,0.255733989,3.910559615,0.945754528,0.442360079,0.155051572,3283.953563,1458.086889,24,23,0.553834105,0.357845297,0.032405653,0.055706938,0.007258641,0.037254202,0.044033885,0.01328266
122444.60+335739.7,2.014753986,,,,0.240448313,,1.385613576,,,,,,,,,,2.014753986,,1.385613576,,2558.207482,,13,3,0.173532013,,0.041355895,0.065636225,,,,
115850.24+532914.2,4.872226487,1.419110949,-4.838771028,1.409366532,0.212570647,0.061914472,0.828940566,0.280107593,5.204187145,,,,0.162369746,,0.738600707,,4.97172822,,0.783770636,,3289.014339,3444.042383,23,23,0.256436535,0.219834268,0.033497028,0.050862728,,0.017309464,0.044221721,
123144.58+535445.2,1.090091356,,,,0.101799739,,0.553817994,,,,,,,,,,1.090091356,,0.553817994,,3078.421445,,14,4,0.183814431,,0.029719325,0.056500707,,,,
140819.70-020238.5,4.574529636,1.252416006,-6.066856153,1.660985578,0.413814266,0.113294186,0.280560025,0.077899862,4.800629818,1.34998587,-5.293468549,1.488577128,0.406643975,0.114352416,0.386117117,0.112173312,5.183871039,0.72308984,0.333338571,0.068284772,2556.196131,2920.229681,25,25,1.474958045,1.053162256,0.104687761,0.079620896,0.018836671,0.106129096,0.068104338,0.020413968
121635.60+444315.1,2.607036178,,,,0.234878069,,1.595375559,,,,,,,,,,2.607036178,,1.595375559,,2922.243133,,15,6,0.147224312,,0.056700121,0.060525365,,,,
120306.40+564015.8,1.671950834,,,,0.125820878,,0.630047143,,,,,,,,,,1.671950834,,0.630047143,,2921.864956,,16,4,0.199700736,,0.035265133,0.047933871,,,,
113143.20+331538.9,2.71189719,1.083844038,-6.487905598,2.592973594,0.262839903,0.105047294,0.561709575,0.229701433,3.73350006,1.322373669,-4.314895993,1.528299118,0.170514613,0.060394812,0.492794987,0.183393236,4.31204971,0.865397317,0.527252281,0.146965836,3077.828807,4381.964671,23,23,0.467928471,0.346015316,0.034117811,0.048955184,0.01428186,0.028467536,0.046354145,0.010839861
164721.34+334013.2,2.337486014,,,,0.219828515,,1.477421274,,,,,,,,,,2.337486014,,1.477421274,,3471.825747,,18,6,0.148792033,,0.031805727,0.041628195,,,,
105531.27+314458.4,2.08601069,1.534907976,-1.79141371,1.318140509,0.113967422,0.083858393,0.572533696,0.459299105,,,,,,,,,1.9387122,1.011612191,0.572533696,0.459299105,2550.768329,,10,1,0.199058016,,0.03376541,0.063080475,0.005741885,,,
112843.94+530928.2,1.508828058,1.180200049,-2.407210821,1.882911915,0.108323184,0.084730017,0.460831049,0.37109915,2.954770492,1.29584192,-3.585278576,1.572357071,0.228434674,0.100182138,1.155757241,0.629066905,2.614021987,0.753729995,0.808294145,0.365184799,3273.629867,367.1450513,23,22,0.235060515,0.197649355,0.010369304,0.035438311,0.01002448,0.020407636,0.044738249,
023516.79-022753.8,3.012689503,1.22503814,-4.257528657,1.731222212,0.282644367,0.114930573,1.246982517,0.624897056,1.888451533,,,,0.224579459,,1.024883812,,3.052889898,,1.135933164,,2556.753524,2360.673251,25,16,0.226662654,0.21912675,0.031018016,0.056217289,,0.035608441,0.078128356,
112934.31+534311.3,4.328895474,2.474706402,-1.912340662,1.093230757,0.195211944,0.111597115,0.690441199,0.466833186,3.236604387,1.479032943,-2.970063805,1.357231742,0.188436382,0.086109881,0.905460383,0.497396266,3.111976082,0.842204759,0.797950791,0.341077802,2183.297038,2547.310841,22,21,0.282735075,0.208111129,0.032613996,0.044083276,0.011988839,0.020224344,0.050717749,
121937.95+313025.6,1.808108534,1.117130788,-3.630906944,2.243337643,0.103188065,0.063754228,0.407990176,0.256209555,2.938342756,1.510234488,-2.596333061,1.334450081,0.17933333,0.092172834,0.829784966,0.502217794,2.743422824,0.803978786,0.618887571,0.281898053,887.0939263,1983.20296,24,21,0.252918014,0.216120245,0.02074072,0.03786021,,0.034012312,0.057743842,
155043.59+431258.6,2.93925023,1.889095701,-1.833924032,1.17868767,0.093266447,0.059943601,0.39187329,0.265417094,1.933682633,1.06479336,-5.286663241,2.911131239,0.20015935,0.110218887,0.850120812,0.487675922,2.998380034,0.954150708,0.620997051,0.277612157,1094.798334,363.6899175,22,19,0.238001541,0.235448124,0.016263343,0.037815435,0.003758495,0.024101667,0.046570494,0.008458802
154600.61+424039.4,2.425374998,,,,0.15906302,,1.037981732,,,,,,,,,,2.425374998,,1.037981732,,2923.747271,,17,7,0.1532426,,0.028424191,0.058223938,,,,
082811.85+321357.5,4.355242796,1.416369781,-4.342012528,1.412067162,0.145497468,0.047317274,0.5848918,0.2058846,2.590124382,2.236066914,-1.295062961,1.118034122,0.106833341,0.09222974,0.399587028,0.366335697,3.145610667,0.800391801,0.492239414,0.21011325,2552.737246,1095.983062,22,21,0.248759631,0.267359383,0.031596664,0.039274853,0.013022499,0.025680646,0.050580876,0.013980308
160836.53+545121.6,2.516597357,1.212860953,-3.666812235,1.767201007,0.20901925,0.100735736,0.631548338,0.323223939,3.784103321,,,,0.153462054,,0.780738886,,3.322504304,,0.706143612,,2190.505229,4365.378494,25,24,0.330963187,0.196560023,0.026685198,0.048882636,,0.032469017,0.044058354,
111938.02+513315.5,36.72085176,1.186785969,-57.45627704,1.856936867,6.498111789,0.210013317,2.090295161,0.101719782,41.47117228,1.545798052,-35.18182356,1.311368629,3.802171827,0.141722297,1.571579342,0.091432715,42.70753116,0.74857593,1.830937251,0.068386504,1826.608487,1826.608487,23,23,3.108705368,2.419331768,0.91575825,0.093710623,0.038908365,0.553127407,0.077045049,0.027751681
082012.50+352053.8,15.98826209,1.079928503,-39.21265211,2.648621873,1.182552223,0.079875589,0.839925602,0.059517157,12.14191106,2.090236124,-6.615016482,1.13877843,0.67884706,0.116863864,0.584893192,0.113194163,18.48946044,0.930300582,0.712409397,0.063943746,4730.395291,2906.596187,23,23,1.407924965,1.16063423,0.12332887,0.066230473,0.019476448,0.089354718,0.073181852,0.018942122
022214.03-052931.7,8.718455214,2.353378466,-4.0924994,1.104691109,0.439806845,0.118717357,0.693557007,0.221050819,4.550202744,,,,0.249186695,,0.869820214,,5.787052453,,0.78168861,,725.0206409,4001.14874,25,25,0.634132221,0.28648069,0.104574812,0.051656044,0.013848724,0.068054031,0.050174014,
142758.30+532230.6,1.473894048,1.306326646,-1.753531084,1.554171674,0.095291143,0.084457468,0.266485138,0.239635196,1.844554318,1.182492094,-2.922759507,1.873699233,0.10239455,0.065642277,0.394440617,0.258407108,1.998684739,0.751289527,0.330462877,0.176209577,2191.213553,526.7929061,24,24,0.357585206,0.259594336,0.016130957,0.051535287,0.012719068,0.016551978,0.040072278,0.006295956
161315.68+545443.3,2.532828575,1.517212731,-2.219786646,1.329694632,0.108206864,0.06481798,0.150271,0.090588199,1.739164894,1.035955467,-6.427974692,3.828904059,0.148309107,0.088342187,0.432187723,0.259072849,3.229938702,1.112534615,0.291229362,0.137226968,2922.125979,731.1388553,25,25,0.720078153,0.343159,0.017717665,0.059520672,0.011342716,0.009324334,0.052179527,0.011681894
160809.66+554011.5,8.827087897,1.430857491,-8.625233828,1.398137254,0.405476769,0.065727166,0.822216983,0.154618636,3.872314188,1.378350618,-4.082116777,1.45302987,0.21622375,0.076964865,0.650441212,0.253663277,6.351688173,0.707693753,0.736329098,0.148536175,2190.306409,2191.243732,25,25,0.493150564,0.332426276,0.111400405,0.053966796,0.008031288,0.056075038,0.054077672,0.010843394
121559.09+532335.4,15.06446056,1.356967722,-16.42337063,1.479374832,1.006386922,0.090652736,0.635309531,0.062280868,15.92503148,1.766698337,-10.93420305,1.213023557,0.700884369,0.077755027,0.740203404,0.096198277,14.58676643,0.734104917,0.687756467,0.057299684,1668.668963,1095.435151,23,23,1.584089129,0.94688077,0.138982053,0.072630883,0.011890511,0.09459839,0.059441471,0.01542998
161433.85+544050.2,34.72963384,1.455204028,-32.85136067,1.376502632,2.021571983,0.08470575,0.983353345,0.050637421,21.19771911,2.994696372,-7.509462389,1.060895262,1.433869504,0.202569143,1.072047777,0.215315597,24.072044,0.938951655,1.027700561,0.110594931,1987.148955,1987.148955,25,25,2.055794077,1.337505226,0.628686429,0.078128884,0.024662013,0.362641599,0.082742846,
160749.75+544056.0,8.576817432,1.553861263,-7.21152344,1.30651107,0.597207427,0.108196017,1.089294663,0.256940553,5.291478547,,,,0.32852453,,1.201910989,,7.026606473,,1.145602826,,4017.540603,4178.52818,25,25,0.548251494,0.273335158,0.084321736,0.066846395,0.005417031,0.053368885,0.048610747,
165451.35+353931.9,3.282838378,,,,0.14394808,,0.681123699,,3.865263149,,,,0.152524798,,0.849268651,,3.574050764,,0.765196175,,5112.968771,2724.308211,23,23,0.211339115,0.179595465,0.023715801,0.04263574,,0.019893585,0.052408544,
121532.90+560919.0,3.132019896,,,,0.122722481,,0.567471942,,1.373647261,,,,0.072666742,,0.38356633,,2.252833578,,0.475519136,,4748.879418,2906.268809,23,10,0.21626176,0.189450262,0.022693906,0.042593855,,0.019810395,0.068206429,
123038.00+324627.0,2.362304943,,,,0.237353327,,1.349632326,,,,,,,,,,2.362304943,,1.349632326,,4937.811515,,10,3,0.175865176,,0.053144267,0.054151149,,,,
100104.86+011421.2,1.294878535,1.16019144,-2.201219029,1.972258715,0.086934644,0.077892117,0.36898863,0.336344472,0.914952439,1.240050768,-1.247722591,1.691059876,0.088903156,0.120491976,0.380383537,0.528421834,1.414693149,0.775937257,0.374686084,0.313192129,2026.002695,1648.246373,20,11,0.235602502,0.233719779,0.020446586,0.048524044,,0.020917166,0.058475812,
115118.98+520927.3,2.219043166,1.091678534,-5.067391418,2.492949446,0.125353461,0.061668779,0.470280405,0.235439388,2.611680102,,,,0.234208678,,1.313129886,,3.299371562,,0.891705146,,2379.241936,2921.912958,23,19,0.266550466,0.17835911,0.021145923,0.037374179,,0.0374407,0.060386092,
074217.52+392612.0,16.19186023,1.897137263,-10.04344632,1.176751527,1.70809362,0.200130683,0.240509465,0.028762108,17.95868168,2.13957088,-9.494424271,1.131151721,1.099206983,0.130957901,0.174897761,0.021084667,13.42210313,0.823147227,0.207703613,0.017831307,1823.856855,1464.449304,22,22,7.10198086,6.284854505,0.201683599,0.124227789,0.022462666,0.113677334,0.106093205,0.01074339
121510.81+562223.0,6.071758543,1.611532516,-4.804597343,1.27520961,0.442485144,0.117441956,0.517748585,0.148312411,6.94134193,1.330830631,-7.904696922,1.515530124,0.274733606,0.052673374,0.429552783,0.085600259,6.430598685,0.71985842,0.473650684,0.085621223,4175.472597,3811.347816,23,23,0.854633227,0.639580552,0.087507085,0.062525352,0.009055903,0.033393356,0.054936079,0.015356757
123152.87+552625.9,5.508175654,1.260870463,-7.172284149,1.641799718,0.379481245,0.086866637,0.911613586,0.23868661,5.173492833,1.225505641,-7.302823368,1.729905023,0.285221477,0.067563741,1.080654263,0.301830231,6.289194001,0.740765487,0.996133924,0.192401135,4364.339817,4937.169097,23,23,0.416274232,0.26393407,0.063784873,0.06768587,0.012982586,0.039607444,0.044892722,0.008875444
113933.38+511550.7,3.925020772,1.545165952,-3.332111648,1.31175496,0.114661087,0.045138719,0.458813415,0.191351295,1.632914433,,,,0.148069979,,0.705296453,,2.963348951,,0.582054934,,1289.080448,4732.885447,23,18,0.249907879,0.209940059,0.020444604,0.035723685,,0.041744503,0.053228267,
120753.37+543807.8,6.192963929,1.525206811,-5.377555478,1.324387537,0.320603893,0.078958516,0.765224885,0.217656852,2.843910599,1.364405959,-3.06381249,1.469906972,0.223450121,0.107203326,0.668783136,0.352507516,4.369560624,0.711621752,0.717004011,0.207144909,1462.316423,1620.471853,23,23,0.418966893,0.334114466,0.042557277,0.040970434,0.011883571,0.042593962,0.049106582,0.013204774
