ra_sdss,dec_sdss,z_sdss,sdss_name,sdss_PLATE,sdss_MJD,sdss_FIBERID,ra_desi,dec_desi,z_desi,desi_name,MJD_desi,mag,difference
225.08436,34.010822,0.73248,150020.24+340038.9,1384,53121,127,225.08437325594969,34.010825690528634,0.7317442664280475,39632961510837131,59348.45952607,18.65420722961425,0.0006442664280474908
178.9418074106021,52.57361475704375,0.73064274,115546.03+523425.0,6689,56396,264,178.9417712840409,52.57362949112262,0.7304555036760106,39633285998970302,59308.26450978,20.998655319213867,0.0006444963239893298
246.2555174205973,42.25982607673128,0.7304096,162501.32+421535.3,6035,56076,162,246.2555139724084,42.25984008235372,0.7303720491850426,39633118788849163,59311.40505391,20.682270050048828,0.0007279508149573566
247.7919998675584,43.88891053650842,0.73,163110.08+435320.0,6030,56097,352,247.7920062529044,43.88890666600227,0.730338857424811,39633149734423683,59311.40505389,19.42071533203125,0.000761142575189
203.3194688694404,32.30018850522859,0.7302734851837158,133316.67+321800.6,10257,58526,54,203.3194843976463,32.30020605972605,0.7303161435629529,39628527686910084,59292.39605585,19.54439353942871,0.0007838564370470369
238.359301,43.144751,1.122574,155326.23+430841.1,1334,52764,442,238.3593360249875,43.14474248817385,1.1223610896752714,39633136467838930,59340.38316712,19.20281791687012,0.0006610896752714535
236.3520906050392,42.259873211799054,1.1224122047424316,154524.50+421535.5,8512,57903,117,236.35208444923936,42.259871814355634,1.1210113280127183,39633118667212819,59339.39998687,0.0,0.0006886719872816194
182.175874,56.893143,1.121402,120842.20+565335.3,1314,53050,174,182.1759023124823,56.89314908873161,1.1210090765250802,39633349035166752,59307.33334728,18.708311080932614,0.0006909234749197246
225.5410405712701,32.29507988153818,1.119,150209.84+321742.2,3870,55273,64,225.5410462338356,32.29508596828943,1.1209741192719516,39628528001484435,59292.46147511,20.59098625183105,0.0007258807280483559
245.66508647965924,44.56880101887607,1.12,162239.62+443407.6,8525,57900,984,245.6650912089377,44.56878560495336,1.1224270455259957,39633158378885373,59311.4050539,21.113664627075195,0.0007270455259957842
142.21733921233525,31.510244282305628,1.7163937091827393,092852.16+313036.8,11376,58430,962,142.2173587918186,31.510231777138053,1.7176183040760484,39628511387849056,59294.18947301,19.35424995422364,0.0004816959239515306
239.389958,43.80178,1.7208259999999995,155733.58+434806.4,1334,52764,638,239.38998877233144,43.801777502354405,1.717596790481883,39633145267487613,59311.38455022,19.81266212463379,0.0005032095181169982
139.16359122469584,31.268472118675326,1.7172386646270752,091639.26+311606.4,10443,58155,268,139.16358588186492,31.26846814558977,1.7175334595058087,39628506178519174,59251.15305474,18.996700286865234,0.0005665404941912477
236.12232808553227,44.88444883653785,1.717243790626526,154429.35+445304.0,8508,57845,529,236.12233536258952,44.88443478570239,1.7175115290583778,39633166868153586,59338.37569311,0.0,0.0005884709416221767
214.871511,0.263989,1.722161,141929.16+001550.3,303,51615,628,214.8715141155402,0.2639804641045308,1.7174984423347643,39627794371579174,59315.28830797,18.634241104125977,0.0006015576652356192
234.529452,42.60651,1.199211,153807.06+423623.4,1052,52466,136,234.52945044643,42.606508679542216,1.2024978687150936,39633123117367911,59339.3999869,19.394100189208984,0.0003021312849065261
183.376408,52.938509,1.20329,121330.33+525618.6,883,52430,486,183.37642964384608,52.9384969873045,1.2031030625338148,39633293389333081,59309.26052946,18.87520408630371,0.00030306253381473525
37.410221764698,-0.4104406953959276,1.203,022938.45-002437.5,6780,56577,194,37.41022332710271,-0.4104564955173796,1.2031535783431675,39627773274232091,59220.10123117,0.0,0.00035357834316740444
158.5283401125833,31.928356495302683,1.2044562101364136,103406.80+315542.0,11383,58485,866,158.5283340431584,31.92837601738258,1.202432111122115,39628521919747426,59224.4697416,0.0,0.00036788887788508084
175.91153538838088,54.25974539479327,1.2019152641296391,114338.76+541535.0,8230,57430,307,175.91154026938287,54.25972838417008,1.2023854940076228,39633311303206366,59308.25597081,20.39981842041016,0.0004145059923772454
185.4478269366431,55.94874535140711,1.067,122147.47+555655.4,6833,56413,647,185.44784818107792,55.94874992015409,1.0668298754981766,39633335672111928,59307.32351869999,20.088024139404297,0.00027012450182328784
189.8552775370081,53.57598791479882,1.065696120262146,123925.26+533433.5,8216,58172,166,189.85524899599903,53.57599139304962,1.066823792692868,39633300712589752,59309.27937463,21.09847068786621,0.00027620730713184827
188.11913204668105,57.08589641237648,1.0673444271087646,123228.59+570509.2,8232,58135,878,188.11913113573647,57.0858802994056,1.0673765927478502,39633349089692603,59307.3128032,20.36361312866211,0.00027659274785030163
186.13345004445333,45.49844536930393,1.069,122432.02+452954.4,6636,56367,504,186.1334634224497,45.49846182666932,1.067432513175427,39633174807970714,59335.3873082,20.97012710571289,0.0003325131754270405
234.6543011494585,43.85897766966483,1.0676562786102295,153837.03+435132.3,8511,57901,227,234.6543072202901,43.85896616260378,1.067470429660612,39633145208768254,59338.37569316,20.52800750732422,0.0003704296606119595
209.87262,22.94411,0.5489999999999999,135929.42+225638.7,2784,54529,460,209.87263572049704,22.94410121495908,0.5491377569090744,39628329669624831,59283.42881282,19.37005043029785,0.001637756909074417
225.7562912526089,34.98987385984963,0.5496131,150301.50+345923.5,10747,58220,169,225.7562960838312,34.989876762662576,0.5491845403622267,39632981475722137,59348.45952605,20.99307632446289,0.0016845403622267607
158.676853,6.788798,0.550104,103442.44+064719.6,999,52636,557,158.67685233418075,6.788810363714497,0.5495913805927739,39627950198359135,59268.44834043,19.167299270629886,0.002091380592773917
158.897434,33.168309,0.549941,103535.38+331005.9,1982,53436,185,158.89745905630272,33.16830327203878,0.5499752734762322,39632945467622545,59224.46974167,18.93668365478516,0.0024752734762322204
174.65200221804912,55.42355441557307,0.551,113836.48+552524.7,7092,56683,248,174.65203141898155,55.42357242389225,0.5505310004420653,39633328738929460,59307.35829035,21.00857925415039,0.003031000442065279
218.3986880593581,35.02587466375836,0.6182221174240112,143335.68+350133.1,10757,58223,74,218.39870543419968,35.025873139380586,0.618890286434272,39632981375058229,59319.37051268,18.12273597717285,0.0009902864342720141
172.96593645452683,52.94827017940176,0.61956304,113151.82+525653.7,8163,57049,477,172.9659571310127,52.94826472422057,0.6189581819828021,39633293284474906,59307.39542858,20.72080039978028,0.0010581819828020533
178.11022697901353,56.48094988558189,0.616,115226.45+562851.4,7091,56658,330,178.1102611440199,56.480938323883,0.6165774505519209,39633342341057838,59307.35829042,20.00013542175293,0.00132254944807908
178.6828915845549,54.64509637818967,0.6194987,115443.89+543842.3,6689,56396,781,178.68288055434658,54.6450987485385,0.6192347655754987,39633318370610218,59307.35829046,20.28226852416992,0.0013347655754987198
247.28740770853813,32.86798302208421,0.6198328733444214,162908.97+325204.7,10914,58257,510,247.2873982948309,32.86797165938058,0.619316747878535,39632936563118142,59293.50919863,20.542903900146484,0.001416747878534963
216.28835570014104,35.59097416203982,0.4506641924381256,142509.20+353527.5,10757,58223,580,216.2883406632196,35.59095483475528,0.4504171903978675,39632991227480382,59315.3047105,21.05335235595703,0.0020171903978674632
181.4790152051941,56.49542115692415,0.446,120554.96+562943.5,6838,56429,387,181.4790261144825,56.495434859719246,0.4463631634679569,39633342374609922,59307.33334728,20.277952194213867,0.002036836532043118
241.8493900176348,44.78386828220215,0.44617552,160723.85+444701.9,6034,56103,685,241.8494371635117,44.78390651964382,0.4461502215240731,39633162644489312,59318.40806933,0.0,0.0022497784759269446
236.451771,43.348535,0.445832,154548.42+432054.7,1333,52782,82,236.45174926991533,43.348531715554905,0.4455721199744941,39633136442674573,59348.39990541,19.495473861694336,0.0028278800255059355
188.7301315227933,57.54507856777217,0.45177516,123455.23+573242.2,6837,56442,26,188.7301332278508,57.545075220462245,0.4515386769737863,39633355657972604,59307.31280332,19.70295524597168,0.0031386769737862807
24.839698527487144,32.65270144594217,0.5405358076095581,013921.52+323909.7,7732,58108,462,24.839697702304605,32.652704362078204,0.5410230218894021,1152921504619432292,59200.06640136,18.80677032470703,0.0023769781105978938
128.919696,32.856320000000004,0.540744,083540.72+325122.7,933,52642,220,128.91970016094604,32.85631557115401,0.5406365151924503,39632934889589194,59293.17628307,19.16691398620605,0.002763484807549732
252.7166816416563,35.95135920250112,0.5384607315063477,165052.00+355704.8,10725,58250,112,252.7166868420485,35.951370288497685,0.5384750377792159,39633001549664888,59315.45878766,20.92564582824707,0.00492496222078409
224.9985076910708,35.18467714313933,0.5379999999999999,145959.64+351104.8,4715,55653,112,224.99853826935856,35.18467145056982,0.5378464591628523,39632986412418038,59348.45952601,19.579986572265625,0.0055535408371476525
210.906471,4.523956,0.538049,140337.55+043126.2,582,52045,238,210.90647352027267,4.523935261073107,0.5378166317263702,39627896930698802,59312.30703381,20.530561447143555,0.0055833682736298185
246.57856029193948,43.563651934656846,1.5205971002578735,162618.85+433349.1,8531,57905,319,246.57859736633603,43.56363521880744,1.5184252370295008,39633140968329530,59311.40505389,0.0,0.00037476297049909846
252.38691434781688,35.25157822185075,1.5250946283340454,164932.85+351505.6,10908,58392,551,252.38691095204967,35.251588203358224,1.5191808366968875,39632986785714286,59311.41551938,0.0,0.0003808366968875987
136.57261059884118,32.266338552548014,1.5195355415344238,090617.42+321558.8,10240,58158,333,136.57259761275634,32.266350132883574,1.5192300060705,39628526734806464,59226.37565156,20.22405815124512,0.00043000607050003303
197.1436763937036,31.799771270609327,1.519,130834.48+314759.1,6487,56362,718,197.1437044959124,31.799737494658164,1.5183669189362683,39628517331175633,59291.37345163,0.0,0.0004330810637316329
185.37097328323625,43.661681054307536,1.5210975408554075,122129.03+433942.0,8373,57785,316,185.37096074507068,43.66168716517807,1.5183603288609142,39633144608983050,59335.3873081,21.0166072845459,0.00043967113908571775
185.67477583284065,56.9665691603286,0.5109720826148987,122241.94+565759.6,8232,58135,558,185.6747927373645,56.96655863514609,0.5113159049243794,39633349068719776,59309.26965078,20.9617977142334,0.0017159049243793412
215.6504647760343,53.156443323692045,0.511,142236.11+530923.1,7339,57544,977,215.6504624592229,53.15641227649664,0.5114189759732858,39633297352952584,59318.3246625,20.34497261047364,0.0018189759732857302
217.3565972431744,51.75782832107649,0.508,142925.58+514528.1,7032,56471,211,217.35660101350845,51.75781283166992,0.5077770734556514,39633275227998792,59344.33578234,19.727510452270508,0.0018229265443486797
239.579168023888,43.22449401257877,0.51168627,155819.00+431328.1,8509,57843,876,239.5792660392552,43.224544047315824,0.5114456843043971,39633136484614614,59322.48638648,0.0,0.0018456843043970217
235.47203434473988,31.52605294059526,0.512,154153.28+313133.7,5011,55739,534,235.4720355011873,31.52605708070136,0.5116729228973754,39628512725830514,59309.44088565,19.67708778381348,0.0020729228973753733
189.881464,62.105054,1.195541,123931.55+620618.1,781,52373,184,189.8814259102829,62.10505807406516,1.1951705756198794,39633410691434723,59311.2203846,19.094200134277344,0.0005294243801206022
174.72513085373816,55.1390155490988,1.1929272413253784,113854.03+550820.4,8230,57430,471,174.72516133662506,55.13901474705781,1.195124026828597,39633325291211811,59307.35829035,19.93516731262207,0.0005759731714030103
174.53050138679038,53.565487385623314,1.1967335,113807.32+533355.7,8163,57049,738,174.53057535716312,53.56548451360006,1.1963026206252052,39633300557400999,59307.38051695,0.0,0.0006026206252052191
182.702085,0.602294,1.195894,121048.50+003608.2,287,52023,377,182.7020821557097,0.6023140952613311,1.1950935830126137,39627799870313184,59320.21766015,17.48667335510254,0.0006064169873862824
239.2427898463468,44.52695573651583,1.1969724893569946,155658.26+443137.0,8508,57845,1000,239.2427619928661,44.526932263524166,1.1963191055707805,39633158303385585,59312.38316145,0.0,0.0006191055707804871
158.09351137912796,31.34154163541596,0.4611279368400574,103222.44+312029.5,11383,58485,804,158.09350647649612,31.341527086232148,0.4611783970429408,39628506446958767,59224.4697416,0.0,0.002221602957059199
192.62580355330616,62.48361129750333,0.46112525,125030.19+622901.0,6970,56444,269,192.6256591360213,62.4836481944901,0.4611584362589768,39633416366327047,59310.17592549,0.0,0.0022415637410231892
220.49312,14.492254,0.461,144158.34+142932.1,2748,54234,560,220.493100802172,14.492270625050994,0.4611574790172563,39628135292993708,59292.43727049,18.7862548828125,0.00224252098274369
217.5454219769921,51.90172230298332,0.46107298,143010.90+515406.2,6724,56416,830,217.545414075452,51.90171771730513,0.4611084864400584,39633278969318559,59310.24440579,20.09457015991211,0.0022915135599415604
187.43702053099,57.97922243865482,0.46063116,122944.88+575845.2,8232,58135,750,187.43706032861408,57.979214650728544,0.4602196322683401,39633362121395285,59298.38235959,20.8054141998291,0.003180367731659861
241.796914259627,44.06214662653807,1.144521951675415,160711.25+440343.7,8527,57897,77,241.7969022681872,44.0621557550912,1.1454213656761978,39633149663119150,59311.38455030001,20.096406936645508,0.00022136567619779335
153.62481106493954,32.82209658212986,1.1457653045654297,101429.95+324919.5,10231,58171,220,153.62483523242398,32.82211933755541,1.144903306576593,39632935241908435,59279.3710628,0.0,0.0002966934234069907
174.21271149494618,55.87922625094948,1.1468381881713867,113651.05+555245.2,8230,57430,508,174.2127092286161,55.87922503369755,1.1448783213942142,39633335567253560,59307.35829040001,20.425193786621094,0.0003216786057858023
185.62856566141,53.45598083764538,1.146651029586792,122230.85+532721.5,8220,57432,660,185.6285669522772,53.45595586404779,1.1455716329825931,39633300670645732,59307.32351864,0.0,0.0003716329825931286
242.34904476605868,42.69779100895651,1.1446034908294678,160923.77+424152.0,8528,57896,856,242.3490452670069,42.69779412734572,1.1447774940855602,39633127663994960,59311.38455034,19.988985061645508,0.0004225059144398191
149.86800315107538,2.3518738600472675,0.346404,095928.32+022106.7,4737,55630,280,149.86801547317742,2.3518555555213188,0.3457696864817226,39627841599441914,59312.12040935,0.0,0.0020303135182773713
170.97049196985603,53.47215764879687,0.3509345999999999,112352.91+532819.7,6698,56637,698,170.97049035856708,53.47217470243889,0.3500673577159554,39633300523845011,59298.23741626,0.0,0.002267357715955376
153.993034,33.220544,0.350393,101558.32+331313.9,1955,53442,204,153.99301329499917,33.220520060923945,0.3500746750713379,39632945396320921,59218.46286913,19.499675750732425,0.002274675071337884
149.76150900000005,2.318429,0.345653,095902.76+021906.3,501,52235,360,149.7615028874748,2.318438998505494,0.345425948767654,39627841599439189,59330.13318200001,18.72908592224121,0.0023740512323460194
149.76150900000005,2.318429,0.345653,095902.76+021906.3,501,52235,360,149.7615028874748,2.318438998505494,0.3453949544138853,2305843037793684815,59310.14064090001,18.72908592224121,0.002405045586114707
218.1534290242033,34.864959555928515,0.601,143236.82+345153.8,3860,55269,805,218.15345202552675,34.86495673044826,0.6010865198411137,39632976404810856,59317.31244306,0.0,0.0009134801588862596
37.87079048834352,1.2139356707084084,0.601,023128.98+011250.1,6780,56267,906,37.87076746267815,1.2139388228809551,0.6009712305671419,39627815561204300,59225.15787282,20.668981552124023,0.0010287694328581232
155.27075658456403,44.06541746475494,0.6041787266731262,102104.98+440355.5,8288,57419,896,155.27079646696885,44.065405373925294,0.6045503610120585,39633148614543729,59218.50292617,19.857540130615234,0.002550361012058522
112.6374999767371,45.47989069760119,0.6050196999999999,073033+452847.6,5943,56218,488,112.6375217832892,45.47989890517888,0.6047497778097347,39633173939751632,59225.23818275,20.538244247436523,0.0027497778097347325
112.6374999767371,45.47989069760119,0.604,073033.00+452847.6,3660,55209,586,112.6375217832892,45.47989890517888,0.6047497778097347,39633173939751632,59225.23818275,20.538244247436523,0.0027497778097347325
188.380616965402,57.312903942968646,2.337,123331.34+571846.4,6837,56442,34,188.380599141632,57.31288608235798,2.3293753239399733,39633352386413289,59307.3128032,0.0,0.0007753239399734824
126.6523616329724,31.449496698514405,2.3227076530456543,082636.56+312658.1,10663,58162,724,126.65239450630844,31.449484678629307,2.3278192375378657,39628511165550646,59293.17628301,0.0,0.0007807624621340992
164.38692433631817,52.69653508085291,2.330927848815918,105732.86+524147.5,8166,57130,964,164.38692756407096,52.69652603683687,2.3277475759357174,39633289534767161,59287.3145432,20.2194766998291,0.000852424064282431
215.4756306509165,31.68361317114109,2.321,142154.15+314101.0,3867,55652,632,215.47562212742736,31.68359037036433,2.327732995810984,39628517595414611,59292.41733232,0.0,0.000867004189015752
183.14338758375027,57.52357207651692,2.337,121234.41+573124.8,6838,56429,880,183.14338746938068,57.523567576661215,2.3295607573978643,39633355607640572,59309.26965071,0.0,0.0009607573978644979
170.9737824529385,51.37786645056382,0.7979959845542908,112353.70+512240.3,8160,57071,896,170.97379608576534,51.37788017498828,0.7986705768107993,39633270983362468,59307.41167827,0.0,0.0003705768107993279
186.9859565363613,59.16432781759922,0.7979999999999999,122756.62+590951.5,6837,56442,782,186.9859477013052,59.164329352829206,0.7987822698924274,39633377917142143,59307.31280326,0.0,0.0004822698924273894
219.3368841153113,14.51657982592516,0.7989055,143720.85+143059.6,5466,56033,58,219.3368771199337,14.516581526027217,0.7988272647248957,39628135272024624,59292.43727050001,19.858537673950195,0.0005272647248957263
243.13901199342047,20.08929857272197,0.7979999999999999,161233.36+200521.4,3924,55332,20,243.13900496105487,20.08930957987191,0.798878864815603,39628262674010282,59292.47415035,20.128826141357425,0.0005788648156029863
175.254913943673,49.93516483484613,0.7983416999999999,114101.17+495606.5,6684,56412,272,175.25490658006726,49.93516864341358,0.7989639695423122,39633248011160632,59308.27622294,20.47895812988281,0.0006639695423121816
244.3567225851588,55.3307662864124,0.2715283632278442,161725.61+551950.7,8067,58253,81,244.35673815572585,55.33075523847501,0.2713889093220037,39633325962298913,59334.41045548,21.02296638488769,0.00468890932200372
240.5547310870898,43.422952364281976,0.2724273,160213.13+432522.6,8527,57897,294,240.5547397752281,43.42295910472414,0.2719673952695079,39633140897023278,59312.43383386,20.13543510437012,0.005267395269507924
215.8404255170197,53.37853713081383,0.27262047,142321.70+532242.7,7339,57428,994,215.84043512411745,53.37853302315683,0.2719827236521843,39633300972636202,59310.24440576,20.693395614624023,0.005282723652184296
184.350651,0.207225,0.272295,121724.15+001226.0,287,52023,587,184.3506419104924,0.2072401976422146,0.2720593157221669,39627793859872704,59339.14018722,18.30697250366211,0.005359315722166913
184.350651,0.207225,0.272295,121724.15+001226.0,287,52023,587,184.3506419104924,0.2072401976422146,0.2720593417230229,2305843036766085797,59319.22705781,18.30697250366211,0.005359341723022881
225.322614,32.639999,0.598276,150117.42+323823.9,1648,53171,436,225.3226066275844,32.63998617325575,0.597936751168659,39632936252738944,59292.46147514,19.046533584594727,0.0015632488313410686
215.9693056787913,-0.8235072079383806,0.598,142352.63-004924.6,4031,55604,56,215.96930874644195,-0.8234911935577487,0.5978614910957076,39627770229167631,59312.27203326,20.94047737121582,0.0016385089042924017
119.83105959409548,34.857975059395656,0.5979067087173462,075919.45+345128.7,9352,57805,830,119.83104993091416,34.857969866665684,0.5977532420983299,39632975045856059,59226.33155373,20.004478454589844,0.0017467579016701151
241.37620773666748,43.85863864535968,0.5974900126457214,160530.28+435131.0,8527,57897,109,241.37623818799256,43.85863814599473,0.5976366961458025,39633145288462356,59312.38316146,20.80712890625,0.0018633038541975289
196.56678495073515,32.535212240789015,0.5976267457008362,130616.02+323206.7,10252,58485,26,196.56680602741008,32.53520567123358,0.5975167381376489,39632930749808840,59291.37345162,20.49104881286621,0.0019832618623510934
214.3408188469081,53.6840646524936,0.19328955,141721.79+534102.6,7339,57428,802,214.34084452162543,53.68408081115604,0.1932192707943444,2305843021192629626,59319.31550195,18.33075714111328,0.05801927079434441
193.538257,25.923541,0.1958,125409.18+255524.7,2661,54505,550,193.5382282038296,25.923528171820635,0.1957798238474328,39628395469868446,59339.19452409999,18.28518867492676,0.06057982384743282
193.538257,25.923541,0.1958,125409.18+255524.7,2661,54505,550,193.5382282038296,25.923528171820635,0.1957867232924952,2305843038703851577,59364.14778648,18.28518867492676,0.060586723292495204
191.172565,58.940777,0.197335,124441.41+585626.7,956,52401,9,191.17257349368865,58.94075871012699,0.1983710463362898,39633374838522402,59308.28495255,18.09850311279297,0.06317104633628981
120.22503357049118,39.28866393260672,0.19901298,080054.00+391719.1,9360,58055,579,120.2250449686768,39.28867273310191,0.1986535389631623,39633062123800121,59217.42208256,18.31123352050781,0.0634535389631623
153.5682691520716,0.2386392982172639,0.351,101416.38+001419.1,3831,55543,518,153.56824749833868,0.2386283265831694,0.3505058227757969,39627793343972892,59295.18268725,20.37824249267578,0.001394177224203097
35.8757263140567,-5.799472258588684,0.3511672,022330.17-054758.1,7236,56605,123,35.875717775184775,-5.799499011097286,0.3536125061424701,39627646568504839,59198.17546592,19.632062911987305,0.0017125061424700938
210.882646,4.0819790000000005,0.354564,140331.83+040455.1,582,52045,269,210.8826454775296,4.0819661964457055,0.3539180969781101,39627884872075876,59312.30703385,20.710622787475582,0.0020180969781101177
240.043895,43.664656,0.354328,160010.53+433952.7,1169,52753,137,240.04392169073083,43.66466032535218,0.3540816504937205,39633145275875976,59312.43383380001,19.05215835571289,0.0021816504937204884
187.34055757929204,56.9961000779542,0.35249662,122921.73+565945.9,8232,58135,800,187.34058457217503,56.996101490924254,0.3541764152166962,39633349085495559,59307.31280321,18.38726806640625,0.0022764152166961926
244.72469757132663,42.84995626227521,1.15468168258667,161853.92+425059.8,8526,57898,747,244.72469276127083,42.84996647906157,1.155053455303062,39633127693355357,59313.44711683,20.8067684173584,0.00044654469693794496
149.82793,2.164307,1.156536,095918.70+020951.5,501,52235,359,149.8279368569404,2.164302856707872,1.1550533222899788,39627841599440845,59198.43399897,20.535457611083984,0.0004466777100211594
252.9086737802377,33.94373703470072,1.1552081108093262,165138.08+335637.4,10908,58392,370,252.9086675252169,33.94373765746961,1.155977859270587,39632961900905824,59312.45872127,20.650787353515625,0.00047785927058696664
136.17982395175693,31.768747065756926,1.1548718214035034,090443.15+314607.4,10667,58163,710,136.1798168580142,31.7687662733356,1.1560274888930997,39628516458760356,59226.37565156,19.915924072265625,0.0005274888930997257
186.68873630520244,54.52149216109566,1.1549559831619265,122645.29+543117.3,8214,57867,56,186.68871257394508,54.52147289468913,1.1561282265165842,39633314939668525,59309.2793745,0.0,0.0006282265165842293
38.59412995599952,0.1830099967800191,2.684,023422.59+001058.8,3745,55234,654,38.59414108052835,0.183023149367374,2.68607758989802,39627791414595171,59220.10123126,0.0,0.0014775898980197155
127.94863193016594,31.016796577636857,2.69,083147.67+310100.4,4449,55544,758,127.94863455290124,31.01681440395584,2.682973460832509,39628500834977273,59293.176283,20.736984252929688,0.0016265391674910035
216.4005228421736,-0.2839472095967658,2.679,142536.12-001702.2,4031,55604,14,216.40053348005512,-0.2839332352667532,2.6829571188389143,39627782317149427,59346.28159296,18.5382137298584,0.0016428811610857963
195.82836618145583,24.28629432266445,2.678,130318.80+241710.6,5991,56076,280,195.82838145408,24.286295613510624,2.6828703815533297,39628357163291527,59338.22263801,19.257511138916016,0.0017296184466704112
174.47138148045156,51.2394688064387,2.6836202144622803,113753.13+511422.0,8159,57064,926,174.47138696947684,51.23946372595943,2.6827609507250334,39633267237847553,59308.27622289,20.662954330444336,0.0018390492749666976
124.952795,32.151289,1.049351,081948.67+320904.6,862,52325,207,124.95279082552696,32.151284325167126,1.0485114136010405,39628526571227412,59220.32102506,19.471874237060547,0.0007885863989594011
177.97503799999996,53.613404,1.050098,115154.00+533648.2,1016,52759,49,177.97501090516076,53.61340191785282,1.050194550235076,39633300595147337,59309.22607515,19.13562393188477,0.0008945502350761192
38.16640277939422,-0.1729624505988374,1.048391580581665,023239.93-001022.6,7334,56656,17,38.1664506156588,-0.1730064782881603,1.048285633293838,39627779326613109,59220.10123113,0.0,0.001014366706161951
176.264525,53.942754,1.051775,114503.48+535633.9,1015,52734,5,176.26454840441238,53.9427645258824,1.0503354992879912,39633307754824325,59309.22607509,18.50722885131836,0.0010354992879912928
233.88997277535088,43.03557106455803,1.0490475,153533.59+430208.0,8511,57901,366,233.8899831065364,43.0355504209315,1.048171817472824,39633131996709161,59339.3999869,20.878143310546875,0.0011281825271758361
184.783480536026,55.2653339201411,0.5375071,121908.03+551555.2,6833,56413,435,184.7834975510113,55.26533204506739,0.5378108085841594,39633325387681118,59307.32351873,0.0,0.001689191415840563
237.67247319261745,42.23158061281897,0.5374901999999999,155041.39+421353.6,6051,56093,749,237.6725564297193,42.23156199779823,0.5369526098848167,39633118683989938,59341.48057365,0.0,0.0025473901151832345
166.57374610795506,32.23194772924837,0.537,110617.69+321355.0,6440,56370,472,166.57375431535553,32.23194834643269,0.5368534304760453,39628527162624356,59290.26598616,20.643274307250977,0.0026465695239547005
219.4852508832897,35.32697062822686,0.5366312861442566,143756.46+351937.0,10754,58224,314,219.48527859252576,35.32697718105617,0.5368295824187159,39632986336920332,59311.33460283,18.56700134277344,0.002670417581284057
143.04869762423888,31.952701431192928,0.5367543697357178,093211.68+315709.7,10429,58145,642,143.0487093093741,31.952686997707005,0.5367510697113319,39628521701639980,59294.18947309999,18.293502807617188,0.002748930288668072
194.093016,31.124766,0.394414,125622.32+310729.1,1994,53845,133,194.0930138893353,31.124782369817904,0.39405855799763,39628501787084648,59348.20534196,18.786602020263672,0.0022414420023699755
243.05103613144425,54.25979373149693,0.3937442302703857,161212.24+541535.2,8065,58248,405,243.0510321250855,54.25980052921405,0.3940030305318473,39633311961714697,59336.30977083,0.0,0.0022969694681526653
202.7189237621853,33.05860145607046,0.3991365432739258,133052.54+330330.9,10257,58526,893,202.71891683593952,33.05859610787096,0.3987497474218049,39632941017466155,59292.39605593,18.233875274658203,0.0024497474218049264
228.879246,15.924921,0.3986,151531.01+155529.7,2766,54242,451,228.8792298019149,15.924914859962652,0.3989501732435517,39628170432873554,59291.40645601,18.45912742614746,0.0026501732435517122
181.8723497649344,-0.5373236206329509,0.399,120729.36-003214.3,3844,55321,66,181.87235909788475,-0.5373338623120116,0.3990932116617236,39627775698536888,59310.21218783,20.037429809570312,0.002793211661723638
141.56735046246018,31.72937956123227,0.5507499575614929,092616.16+314345.7,11376,58430,804,141.56735793209438,31.729357899489823,0.5507359379918848,39628516534260147,59294.18947299,20.56964683532715,0.0018640620081151749
211.029317,5.857745,0.555,140407.03+055127.8,1808,54176,9,211.02932604485505,5.857745277659676,0.5545177742045532,39627927033220283,59310.26609047,18.459062576293945,0.001917774204553191
211.029317,5.857745,0.555,140407.03+055127.8,1808,54176,9,211.0292944882441,5.8578021934832725,0.5547268029842786,39627927033220281,59317.24384774,0.0,0.0021268029842785863
178.87362862182158,53.7522517725409,0.555,115529.67+534508.1,6689,56396,762,178.87363116525106,53.75223561118845,0.5548557397952817,39633304202249298,59307.34375237,19.905431747436523,0.002255739795281708
199.214859,18.751162,0.5547,131651.56+184504.1,2618,54506,115,199.214869526682,18.75115247451621,0.5551526529849821,39628233439711919,59347.20926021,19.60392951965332,0.0025526529849820845
241.8523573953648,54.67580943183646,0.38749072,160724.56+544032.9,6793,56430,340,241.8523570938133,54.67580844297762,0.3869000947987776,39633318987170932,59312.44117211,20.32594490051269,0.003100094798777653
213.867707,-1.087487,0.379796,141528.24-010514.9,303,51615,54,213.86769409792944,-1.0874847499386582,0.3804403645858447,39627764155812567,59337.33393299,20.189424514770508,0.003359635414155293
182.453763,-0.984855,0.387968,120948.90-005905.4,287,52023,282,182.453757731678,-0.9848649508160364,0.3873591028869701,39627763627332154,59310.21218786,19.6110782623291,0.0035591028869701447
179.09940298230163,51.40916690489436,0.37996235,115623.85+512433.0,8224,57378,974,179.09939422248237,51.40915127219027,0.3800081389887552,39633271067249383,59301.30806158,19.52142333984375,0.0037918610112447904
195.1361769990376,23.35219281080349,0.3879624,130032.68+232107.8,5990,56066,744,195.1361634994688,23.352202254944487,0.3876012325472144,39628335004782451,59337.25565865,19.52791976928711,0.003801232547214428
210.0143711926492,4.223340315580595,0.43837264,140003.44+041324.0,4784,55677,156,210.01435107831745,4.223312835276304,0.4379056016269594,39627890886709948,59321.248103,0.0,0.0019056016269594078
30.655597621485683,-5.187578243986893,0.434,020237.34-051115.2,7238,56660,537,30.65563498188844,-5.1876797026241706,0.4339970532983247,39627658513877524,59268.09847289,0.0,0.002002946701675279
214.29929469431065,52.33663942414563,0.43456894,141711.83+522011.9,6742,56415,827,214.2993277571793,52.336644654618176,0.4339869674634147,39633282660304693,59310.24440573,0.0,0.002013032536585302
187.52871264164665,61.258862812764775,0.43842402,123006.89+611531.9,7118,56686,252,187.5287183384185,61.25886750523697,0.4380449710167682,39633402017614072,59310.17592544,0.0,0.0020449710167682045
216.8939724225476,51.37408753425834,0.4339931,142734.55+512226.7,8403,57834,442,216.8939440061229,51.37407179254514,0.4339259560088769,39633267682445489,59310.24440581,19.896520614624023,0.002074043991123098
240.64139815908368,44.559434005395325,2.6660000000000004,160233.93+443333.9,8527,57897,726,240.6413908224556,44.55941844461757,2.6596733378331976,39633158320163047,59313.41259926,21.03122329711914,0.0015733378331974635
217.67148612036613,14.345647790764216,2.648,143041.15+142044.3,5466,56033,379,217.67147714977585,14.345646594795554,2.656393326947758,39628129387414999,59292.43727046,19.57869529724121,0.001706673052241925
188.870797709803,61.35855072438111,2.659,123528.99+612130.7,6840,56685,552,188.87080753142067,61.35852779757634,2.6562112315153974,39633402030195142,59311.2203845,0.0,0.001888768484602732
180.56324634416245,53.54604801191185,2.66,120215.17+533245.7,6688,56412,424,180.56321132972684,53.54602425951112,2.656115618005788,39633300620313849,59307.34375233,20.82630157470703,0.0019843819942120255
171.42703911496747,52.35731696466762,2.668,112542.48+522126.3,8164,57127,176,171.4270315856662,52.357310189195786,2.6601100370104755,39633282215710243,59307.41167828,20.81202507019043,0.0020100370104754184
225.3265427562848,52.79589691177868,0.997,150118.37+524745.2,6712,56421,287,225.326555538576,52.79589984262611,0.9948788084950044,39633290155525479,59346.41066954,20.10325813293457,0.00022119150499555484
216.42880558968284,54.95282741424941,0.9954199194908142,142542.91+545710.1,8402,57843,805,216.42878697684384,54.95283324112658,0.995333830887788,39633322225175635,59260.47124125,20.58726119995117,0.00023383088778805572
205.06031065254743,32.91099069197569,0.9938250184059144,134014.47+325439.5,10258,58492,236,205.06031367274207,32.91101343592125,0.9948560567439926,39632941051020229,59292.39605595,20.01875114440918,0.00024394325600740618
186.8254443865875,62.416895647559606,0.994,122718.10+622500.8,7118,56686,676,186.82548454167028,62.41691698259965,0.9948460454253086,39633416320191510,59311.22038453,19.414907455444336,0.00025395457469135074
254.47167400000004,34.529364,0.995478,165753.20+343145.7,972,52435,472,254.4716699965578,34.529340513310736,0.9947505975387736,39632971929486454,59317.45267139,18.397668838500977,0.00034940246122638907
241.18160646739744,42.14900530676879,0.47104168,160443.58+420856.4,6043,56096,137,241.1817124361181,42.14906640606747,0.4705766164706445,39633118725933828,59319.40428313,0.0,0.001776616470644532
191.83078462725496,61.42217946308094,0.4708334,124719.38+612519.8,6970,56444,363,191.8308359719158,61.42216143422361,0.4705841532659569,39633404957821183,59312.30033565,0.0,0.0017841532659568782
235.5251972788823,44.48116873372482,0.47208524,154206.04+442852.2,6042,56101,528,235.525199704298,44.48114120373726,0.4715984332080101,39633158257249523,59364.33578633,0.0,0.002798433208010098
251.58404700000003,36.017,0.472722,164620.17+360101.2,819,52409,285,251.5840614800351,36.01701168219365,0.4722724751835028,39633001537078426,59324.43007864,19.245466232299805,0.003472475183502799
241.08006881866868,41.88848434827116,0.47232673,160419.21+415318.5,8528,57896,720,241.08009109111163,41.88849282293104,0.472279712788713,39633114233832178,59313.41259925,20.57958984375,0.0034797127887130075
246.38153264904523,43.78230842098544,1.416672945022583,162531.56+434656.3,8531,57905,674,246.3815201227332,43.78229390205327,1.4191794272592992,39633145351375377,59312.44716143,0.0,0.00047942725929916996
182.6931973311,52.26784680982605,1.4203534126281738,121046.36+521604.2,8219,57429,259,182.69319122494488,52.26785165590682,1.4181886782261168,39633282333149482,59309.26052949,20.837377548217773,0.0005113217738832443
241.86500228468032,43.110992459429816,1.4176496267318726,160727.60+430639.5,8528,57896,804,241.8650124536988,43.11100417431233,1.4181845961053894,39633132093179599,59311.38455034,21.046119689941406,0.0005154038946106887
215.45089631261368,52.85121536706999,1.419,142148.21+525104.3,7340,56825,85,215.45090480063408,52.85120716236344,1.4181651116022242,39633290054861552,59314.25562997,20.98944664001465,0.0005348883977758234
242.14158153453872,42.23707602511919,1.4175060987472534,160833.97+421413.4,8528,57896,870,242.14159463894063,42.237073996577095,1.4181115145737409,39633118738516811,59312.38316148,0.0,0.0005884854262592221
158.114296,8.726924,0.686591,103227.43+084336.9,1240,52734,307,158.11428147890933,8.726936659866437,0.6862772294200473,39627998114089080,59268.44834048,18.103084564208984,0.001622770579952637
197.08870101359463,27.037458053904967,0.6860398,130821.28+270214.8,5994,56101,693,197.0886828443597,27.03747338157925,0.6858808247657151,39628417187971365,59267.50019501,20.435434341430664,0.0020191752342848535
123.20795769839506,34.34557744860891,0.6862562298774719,081249.90+342044.0,9358,57749,455,123.20793635895237,34.345585283250905,0.6857709608186833,39632965105355521,59279.18690668,0.0,0.002129039181316683
179.92115,-0.055557,0.689435,115941.07-000320.0,286,51999,307,179.92114854783958,-0.0555607866625338,0.6900501929531114,39627787744579389,59336.16877543,18.09064292907715,0.002150192953111474
209.23689995688568,6.23836666818652,0.6852590999999999,135656.85+061418.1,4863,55688,490,209.236893134036,6.2383677475007975,0.6856812417028882,39627939028928186,59317.24384768,0.0,0.0022187582971117115
202.5157767980596,33.39873187163441,0.5229645371437073,133003.78+332355.4,10257,58526,882,202.5157676800608,33.398717486501944,0.5228973112632371,39632951134127073,59292.39605593,19.861618041992188,0.0013973112632371665
150.23558,1.22196,0.520455,100056.53+011319.0,501,52235,243,150.23559262507115,1.2219619502488928,0.5200930090811562,39627817444447085,59198.43399897,18.37713432312012,0.0014069909188437757
191.528026,28.014538,0.5195,124606.72+280052.3,2238,54205,449,191.52801744713943,28.01456177835996,0.5195326790755127,39628438566342303,59263.47785817,18.59410095214844,0.001967320924487259
237.773704,44.564309,0.5194810000000001,155105.68+443351.5,1333,52782,40,237.77370391519543,44.56429657925813,0.5189289721765034,39633158286607228,59346.36446123,18.618698120117188,0.0025710278234966077
197.3628647448092,31.374149886761344,0.519,130927.08+312226.9,6487,56362,770,197.3628592948919,31.37415484209893,0.5188076603481329,39628507013187961,59291.37345163,20.698076248168945,0.002692339651867104
151.559875,40.102009,0.358226,100614.37+400607.2,1356,53033,550,151.55987857859384,40.10198633831556,0.3577970397879596,39633076527040443,59218.44402793,19.520702362060547,0.003002960212040384
28.87208485489748,5.715837737639122,0.36416772,015529.30+054257.0,8735,58133,474,28.87210060864161,5.715838133644532,0.3640190746316616,39627923992346690,59217.16862422,0.0,0.0032190746316616003
124.733075,31.453417,0.357638,081855.93+312712.3,931,52619,329,124.7330583385544,31.45341223224403,0.3573275526776989,39628511140381506,59220.32102506,19.95301055908203,0.00347244732230112
179.86938600000005,27.430162,0.357322,115928.65+272548.5,2227,53820,311,179.8693937120368,27.4301459046526,0.3572507937015851,39628427686316886,59283.31880649,18.768962860107425,0.003549206298414931
178.278947,-0.753552,0.357307,115306.94-004512.7,284,51943,179,178.27893852271072,-0.7535690232977931,0.356937338631095,39627769600017026,59317.1272253,19.12231063842773,0.003862661368905007
236.42256217501605,42.705878825146826,0.46032277,154541.41+424221.1,8512,57903,891,236.42256124003268,42.70586869563461,0.4599087674261766,39633127592690361,59338.37569311,20.695764541625977,0.004591232573823434
181.28472755876493,56.14502290370972,0.459,120508.33+560842.0,6838,56429,420,181.2847788001989,56.145020669642975,0.4592489908397452,39633339010780381,59307.33334728,20.08959579467773,0.005251009160254838
215.59494053485105,52.73167819929599,0.459,142222.78+524354.0,7340,56726,31,215.5949733769939,52.73167292849654,0.4591565208529199,39633290054862896,59311.26616104,21.03436279296875,0.00534347914708011
183.355878,57.169322,0.459383,121325.41+571009.5,1315,52791,225,183.3558129091336,57.16929985241702,0.4589846513975639,39633352340276166,59309.2696507,20.81632232666016,0.005515348602436132
244.3675219634649,54.18888248098413,0.45900407,161728.20+541119.9,6309,56485,398,244.3675247552787,54.1888748523682,0.458548386210673,39633311974297416,59321.46172224,0.0,0.005951613789327015
224.754112,33.322181,0.494046,145900.98+331919.8,1647,53531,589,224.75410402682465,33.32216336781281,0.4935476676152741,39632946390372186,59348.45952606,17.87337875366211,0.0012476676152740618
247.641675,44.200154,0.491392,163034.00+441200.5,626,52057,164,247.64168866440377,44.20014524543362,0.4910450089271399,39633154079720500,59319.42495961,18.931915283203125,0.00125499107286009
114.20274857714725,39.152774643818695,0.49429643,073648.65+390909.9,9369,58054,306,114.20273788385944,39.1527875267489,0.4939503660709382,39633062044109718,59203.22569178,20.350435256958008,0.0016503660709381585
186.95863717877745,32.306662004014875,0.49421418,122750.07+321823.9,6479,56364,576,186.95860425595143,32.306672069337914,0.4939609157397855,39628527452031545,59291.35192348,19.679161071777344,0.0016609157397854957
177.31899225976625,56.12948513571558,0.49059814,114916.55+560746.1,6839,56425,586,177.31895691777913,56.129481378730496,0.49060749117568,39633338977222736,59307.35829042,21.042743682861328,0.0016925088243200381
218.92778455373715,33.567822230934105,0.705,143542.66+333404.1,3860,55269,52,218.9277921476844,33.567799995270626,0.7052032055844714,39632951364813628,59312.32080869,19.534448623657227,0.0005967944155286231
119.13850723109414,34.84334764553838,0.7064653038978577,075633.24+345036.0,9352,57805,668,119.13850317924356,34.84333603947309,0.7067691242215489,39632975037466861,59226.33155371,19.18033027648925,0.0009691242215489337
131.52802021557918,22.086579938879925,0.7049817442893982,084606.72+220511.6,11096,58485,546,131.52803133166412,22.08658683487502,0.7047426023066523,39628306097640796,59226.35471255,0.0,0.0010573976933476725
213.85863461122432,0.0801516220745661,0.7070000000000001,141526.07+000448.5,4034,55635,996,213.8586467504798,0.0801466676822081,0.7069963438079705,39627788315003847,59338.24905407,20.096454620361328,0.0011963438079705124
215.11572493633432,51.45514586683039,0.7043512,142027.77+512718.5,6742,56415,922,215.1157354450632,51.455159845481646,0.7045537331090809,39633271444737379,59311.26616095,0.0,0.0012462668909191121
188.91291311411703,57.06265233245025,0.7181078000000001,123539.09+570345.5,6832,56426,636,188.91294265239483,57.06266580367269,0.7167077348618243,39633349098080363,59307.31280332,19.902734756469727,0.0004922651381756848
200.41789405981,3.552826583721344,0.71738136,132140.29+033310.1,4761,55633,298,200.4178589741288,3.55280950848589,0.7178073432033341,39627872633097264,59266.51094459,0.0,0.0006073432033341097
145.76187524309583,32.977050729659894,0.7180301547050476,094302.85+325837.3,10228,58223,272,145.76185060825657,32.97701774420463,0.7179829706235116,39632940212162150,59231.39937795,20.40165901184082,0.0007829706235116252
173.0306005672334,49.886393294343634,0.71603376,113207.34+495311.0,6685,56412,870,173.0305658543761,49.88639588045882,0.7160925710277408,39633247985995234,59307.41167835,20.570613861083984,0.001107428972259128
215.66819577607632,-1.1128094184637292,0.71758914,142240.36-010646.1,4032,55333,794,215.66815433027125,-1.1127910925094575,0.7183234201040393,39627764185174168,59335.3327619,17.554418563842773,0.0011234201040393188
224.7774878501052,32.776035361088574,0.5760000000000001,145906.59+324633.7,3870,55273,846,224.77749304075328,32.776015039701534,0.5768315770757995,39632936244350565,59292.44792872,20.57676124572754,0.0011315770757994725
244.743975572248,42.66831805524212,0.5760000000000001,161858.55+424005.9,8525,57900,83,244.7439483098473,42.668316667876056,0.5769893323263436,39633127693355616,59312.44716135,21.004318237304688,0.0012893323263436507
217.1876411178557,52.20171530953555,0.574,142845.03+521206.1,7031,56449,220,217.1876433092108,52.201727265955206,0.5743903355805867,39633282689665198,59260.47124129,19.26740455627441,0.00130966441941327
187.34333239899163,58.31869863495292,0.5776356,122922.39+581907.3,8232,58135,748,187.34331806284328,58.31869652384116,0.5773179739877918,39633365325842385,59307.31280323,21.082469940185547,0.001617973987791843
182.4248439111442,-1.2507067946013168,0.578,120941.96-011502.5,3845,55323,314,182.4248849939728,-1.250697470538766,0.5773445793712434,39627757587533783,59320.21766009,0.0,0.0016445793712434043
169.53322816213728,50.408833566769886,0.605,111807.97+502431.8,6692,56390,876,169.53321656265427,50.40880706928894,0.6050979791394715,39633255707706385,59307.41167821,21.19522285461425,0.0017979791394715505
180.3845659703664,52.71346015257574,0.6051850914955139,120132.29+524248.4,8228,57423,90,180.38454452285927,52.7134795480796,0.6053829296302392,39633289694154037,59308.26450975,19.73326110839844,0.002082929630239261
245.3079644452676,44.431555366591965,0.6056119000000001,162113.91+442553.5,8531,57905,506,245.3079616095673,44.431540814316186,0.6055314623839703,39633158374690422,59314.37318394,19.85455894470215,0.0022314623839703174
193.158475,61.141066,0.605586,125238.03+610827.8,782,52320,206,193.158499434858,61.14106784130125,0.6056320392946756,39633402063750670,59315.22105933,19.84833526611328,0.002332039294675625
180.6395366405484,51.6857690290021,0.606,120233.48+514108.7,6683,56416,990,180.63953807116485,51.68577275333239,0.6057383047450994,39633274846316822,59308.26450980001,20.30308723449707,0.002438304745099429
185.1205402578624,52.81505107686458,1.3872666358947754,122028.92+524854.1,8220,57432,355,185.12057711789777,52.81504037600279,1.3889421020269717,39633289744483929,59309.26052959,0.0,0.0006421020269715694
156.46520514958382,32.057746694667614,1.3882795572280884,102551.64+320327.8,10273,58466,163,156.46520675681262,32.057741154138235,1.388961445698612,39628521890386400,59223.47902764,20.625795364379886,0.0006614456986118178
248.3185320539824,32.85673584903899,1.3875046968460083,163316.44+325124.2,10914,58257,656,248.31852066056808,32.856734557181376,1.387634869529118,39632936579892803,59308.48025934,19.793596267700195,0.0006651304708820138
219.30014752954028,34.539489696455604,1.387390375137329,143712.03+343222.1,10754,58224,374,219.30014330278075,34.539491940414536,1.3889718447112989,39632971438755578,59312.32080867,20.00050544738769,0.0006718447112987747
223.64607187673505,35.47122289568916,1.390626311302185,145435.05+352816.4,10747,58220,496,223.64603334472065,35.4712302588049,1.389088968690377,39632991328144425,59351.30769314,20.922897338867188,0.0007889686903768123
233.9311710199096,43.41301837634472,0.258,153543.48+432446.8,8511,57901,376,233.93117220158248,43.41301867801561,0.2578875637249462,39633140813139425,59341.48057355,18.218297958374023,0.0020124362750538194
118.79544921567124,33.07274490783897,0.25674906,075510.90+330421.8,9352,57805,380,118.79544189335397,33.07274877523623,0.2572004125264346,39632939834672303,59226.33155364,20.57850456237793,0.0026995874735654124
251.6487718671968,34.11734101728479,0.2570074796676636,164635.70+340702.4,10911,58256,6,251.64877741528915,34.11734444279378,0.2569271343523673,39632961884127388,59319.46167961,20.09601402282715,0.0029728656476327164
181.57764881305644,57.879943506575366,0.2568051,120618.63+575247.7,6969,56420,406,181.5776980346428,57.87994190482908,0.2566711277004117,39633362071062005,59298.31417463,18.687503814697266,0.0032288722995882924
22.622100619354683,31.303116506616806,0.25633872,013029.30+311811.2,7728,58138,93,22.622128659222945,31.3031231378194,0.2563426790991525,1152921504619432231,59200.06640136,19.319351196289062,0.003557320900847538
180.940174106696,52.11565440480781,0.1993425190448761,120345.64+520656.3,8219,57429,453,180.9401788598379,52.1156702986833,0.199741998194441,39633278591829139,59301.30806156,0.0,0.016041998194440993
216.66943,32.197756,0.202222,142640.66+321151.9,1841,53491,317,216.6694305960213,32.1977554715121,0.2019004868026759,39628527875654974,59292.41733232,18.035682678222656,0.018200486802675886
217.0476486210878,53.25390883415842,0.20295317,142811.43+531514.0,6718,56398,557,217.04767346339668,53.25389422621995,0.2025654071212792,39633297369727349,59318.32466255,0.0,0.01886540712127921
201.282582,5.684818,0.206002,132507.81+054105.3,852,52375,406,201.2825826503841,5.684820091122633,0.2056294957709495,39627926869643284,59266.51094462,19.361621856689453,0.021929495770949492
169.629018,50.665694,0.207702,111830.96+503956.4,878,52353,149,169.62902009617858,50.66567732963992,0.2073604867619372,39633259553885067,59298.21741072,18.39796257019043,0.02366048676193719
186.0025796967469,55.15424753205991,1.200678825378418,122400.61+550915.2,8214,57867,898,186.0025619570184,55.15427907692519,1.201122292352342,39633325400263062,59307.32351873,0.0,0.0003222923523418242
213.3322530825007,52.668739452747296,1.2,141319.74+524007.4,7339,56683,330,213.3322628174693,52.66872853598821,1.2004166062019228,39633290033889711,59231.53161266,0.0,0.0003833937980772806
175.89473483015075,52.79109288658294,1.202005386352539,114334.73+524727.9,8163,57049,150,175.89475869826578,52.79109424766055,1.2012848048798417,39633289652207671,59307.38051695,20.30916404724121,0.0004848048798415938
252.5013349646067,33.85112505098673,1.1995458602905271,165000.32+335104.0,10915,58257,872,252.5013635904813,33.85115860300349,1.2002884335171735,39632956871937170,59311.41551935,21.06280517578125,0.0005115664828265754
204.53975195609905,32.16769330973663,1.2001606225967407,133809.54+321003.6,10258,58492,285,204.53975775570024,32.16769196449802,1.2002619763238391,39628527703687929,59293.38243462,21.146095275878903,0.0005380236761609591
190.44413885214885,58.96072990895966,0.691,124146.59+585738.6,6836,56443,718,190.44412575054656,58.96076591022885,0.6902917898256212,39633374830135381,59308.28495255,19.79483985900879,0.0016917898256212371
165.58906158232776,33.21544339395356,0.69,110221.37+331255.5,6442,56369,888,165.58906150551306,33.21543936659317,0.6907745522529773,39632945559899009,59290.26598614,20.080474853515625,0.0021745522529773575
185.1537377888364,44.49925491803133,0.6914431999999999,122036.89+442957.3,8373,57785,717,185.1537364091081,44.499265480330216,0.6908097671395167,39633157653269093,59335.3873081,20.166614532470703,0.002209767139516705
178.39159750034378,1.1513709831320058,0.691,115333.98+010904.9,3843,55278,630,178.39161807405543,1.1513713524709124,0.6910311517246922,39627817918400905,59342.23774382,21.26355361938477,0.0024311517246922154
189.971435,53.142571,0.69179,123953.14+530833.2,885,52379,496,189.97146274925063,53.1425666617317,0.6910832072083414,39633297092907395,59309.27937448,20.05837631225586,0.002483207208341387
171.857904,53.934691,0.581915,112725.89+535604.8,1013,52707,113,171.85792787620227,53.93469597157506,0.5817421070058372,39633307708688987,59264.47567212,18.24413681030273,0.0011421070058371674
181.8528229740636,53.434125247396494,0.5790629982948303,120724.67+532602.8,8219,57429,644,181.85278900887909,53.4341162410412,0.5794160999681175,39633300632897195,59307.34375248,20.52883720397949,0.0011839000318825121
171.6902370412365,52.252426074912975,0.5820000000000001,112645.65+521508.7,6698,56637,210,171.69024381670337,52.252418412620194,0.5819531223123466,39633282219902930,59307.41167828,19.66145896911621,0.001353122312346633
212.9757210408878,53.18874598008872,0.5820000000000001,141154.17+531119.4,7340,56726,678,212.9757664995821,53.1887452996313,0.5820983095717192,39633297327785205,59312.25883457,19.56196022033692,0.0014983095717191475
115.05850350265683,33.659451390882964,0.5795297026634216,074014.04+333934.0,9364,57699,984,115.0585258859564,33.65946647084949,0.5790752573440693,39632954950945622,59220.29517067,0.0,0.001524742655930722
193.66287586567125,25.563989557004103,2.479,125439.09+253350.3,5987,56339,70,193.66286875251927,25.56396767277771,2.475172233561858,39628384573066105,59337.25565871,19.71685218811035,0.0003277664381418077
211.5760399186552,23.07098341164436,2.483,140618.24+230415.5,6007,56066,458,211.5760630106689,23.07095729447085,2.475948332617562,39628329694792527,59283.42881298,20.523269653320312,0.00044833261756238585
194.260927555833,26.87377409939339,2.481,125702.62+265225.5,5972,56334,602,194.2608910420384,26.873762241681447,2.475982230609908,39628411747958910,59312.20806266,0.0,0.00048223060990837396
212.01523957526115,-0.4087449471849259,2.477,140803.65-002431.4,4034,55635,382,212.0152084718674,-0.408763659621034,2.4760054196833465,39627776206045577,59337.31196618,0.0,0.0005054196833467195
213.6871549767748,31.961539265306502,2.479,141444.91+315741.5,3866,55623,722,213.68716598421344,31.96153061962004,2.4749938053499374,39628522708273382,59292.41733224,20.270326614379886,0.0005061946500624082
248.03218291140536,31.66738069021541,0.99698007106781,163207.72+314002.5,10919,58255,880,248.03219089000183,31.66736360250017,0.9979054012722154,39628518060982662,59308.48025930001,19.787742614746094,0.0006054012722154223
189.252315005374,54.78759231190432,0.9986955,123700.55+544715.3,6680,56420,712,189.25235788312145,54.78760938299229,0.9979609579731932,39633318475466582,59307.32351873,19.324913024902344,0.0006609579731932103
139.8148230906892,31.936189668341807,0.996919810771942,091915.55+315610.2,11375,58426,941,139.81483886122888,31.93618785593427,0.9979909522937164,39628521655502712,59251.15305487,0.0,0.000690952293716407
142.46077819715757,31.14008361284652,0.9973021745681764,092950.58+310824.3,11376,58430,978,142.46078549313592,31.14006853068156,0.998001067510736,39628506224658191,59294.18947301,18.693035125732425,0.0007010675107360642
180.325859,57.62116500000001,0.999271,120118.20+573716.1,1313,52790,515,180.3258445875084,57.62115356762718,0.9980478010830436,39633355582474546,59307.33334728,20.48274612426757,0.0007478010830436199
154.8291272494429,33.68832644256696,2.24,101918.99+334117.9,6454,56336,230,154.82914303329088,33.68831825895334,2.236322869532461,39632955508785531,59223.47902762,20.78488540649414,0.0004771304675390553
218.24482705750103,35.72449460442167,2.2430000000000003,143258.75+354328.1,4714,56041,364,218.2448369389022,35.72448265218487,2.237367324930988,39632996176758889,59314.32163575,0.0,0.0005673249309881001
127.90524017178636,33.09511939895512,2.24,083137.25+330542.4,4442,55532,100,127.90527140226112,33.095114219580424,2.2362229917089964,39632939960504065,59293.17628304,20.946924209594727,0.0005770082910037111
212.38688930028903,-0.3938285091751496,2.23,140932.85-002337.7,4034,55635,304,212.3868941420994,-0.3938320117059712,2.236162916572081,39627776210242590,59337.31196618,19.47957229614257,0.0006370834279190163
238.0870907727476,43.26999626184421,2.2422921657562256,155220.90+431611.9,8509,57843,667,238.08707193946915,43.26998738055559,2.2374871145192654,39633136463645465,59338.37569319,0.0,0.0006871145192652861
253.081149,29.055323,0.20787,165219.47+290319.1,1690,53475,562,253.0811600887233,29.05530505358385,0.2078407264675026,39628460737430495,59348.2003316,18.337451934814453,0.08794072646750259
244.64979054791863,43.784021336539965,0.2090089321136474,161835.94+434702.4,8525,57900,152,244.6497950827187,43.784004220211365,0.2089208613542054,39633145330403453,59316.45961603,20.09774398803711,0.0890208613542054
218.45089700000003,1.4937790000000002,0.211272,143348.21+012937.6,536,52024,308,218.4508775725232,1.4937740832897566,0.2109454391425013,39627824629289163,59318.34697072,18.373159408569336,0.0910454391425013
188.991114,58.356363,0.211877,123557.86+582122.9,1316,52790,617,188.9911373820009,58.356372318651935,0.2115658036201818,39633365342617776,59298.38235965,18.94559669494629,0.09166580362018178
150.65797465940702,2.7835530287082846,0.21254762,100237.91+024700.7,4737,55630,967,150.65795689126438,2.7835419340144174,0.2122752422728539,39627853691620759,59310.11613145,20.03352165222168,0.0923752422728539
217.28176388662263,35.62514106871587,0.2357328534126281,142907.62+353730.5,10757,58223,773,217.28177974184047,35.625144599284546,0.2360850222965602,39632996164175141,59310.23480549,20.482078552246094,0.007885022296560212
254.08696068102745,34.26483978504837,0.2202548533678054,165620.87+341553.4,10908,58392,113,254.08697066806567,34.26483320397688,0.2203068949492196,39632966925683831,59311.41551947,20.772533416748047,0.007893105050780391
242.8843115775161,55.202856761657344,0.22008799,161132.23+551210.2,6793,56430,198,242.8843335034273,55.20284360026048,0.2198693333487984,39633325945524180,59325.3615905,19.68436813354492,0.00833066665120158
216.70325,0.88979,0.219829,142648.78+005323.2,305,51613,550,216.7034148305637,0.8895966961288303,0.2195226477301748,39627812520334499,59342.34510434,0.0,0.00867735226982519
216.70325,0.88979,0.219829,142648.78+005323.2,305,51613,550,216.7032409767565,0.8898075680389769,0.2194663654497355,39627812520334497,59311.29758743,17.73598289489746,0.00873363455026449
213.9225234070341,53.07340898487629,1.019,141541.40+530424.2,7339,56772,803,213.92253066507232,53.073386563692,1.0209539438875193,39633293695520309,59311.26616103,20.94690322875977,0.0006539438875192705
218.544867,-1.394921,1.021017,143410.76-012341.7,919,52409,370,218.54488352859192,-1.394921586770168,1.0210599616517084,39627752155907103,59337.39767617,19.171178817749023,0.0007599616517084407
223.863241,35.218549,1.015509,145527.17+351306.7,1384,53121,388,223.863231002014,35.218553878596595,1.0195291687477372,39632986395642035,59348.45952603,19.88887596130371,0.0007708312522627381
190.528119,54.94080600000001,1.019986,124206.74+545626.9,1038,52673,355,190.52811875756728,54.940788812561046,1.021131067845526,39633321977709543,59309.2793746,18.54248237609864,0.0008310678455261122
189.2786262369393,62.2839315882629,1.017,123706.87+621702.1,7118,56686,971,189.2786473707118,62.28392789526808,1.0211785931295438,39633413526783326,59311.22038456,20.08870506286621,0.0008785931295438587
178.046617,0.112414,0.417728,115211.18+000644.6,284,51943,434,178.04660124823062,0.1123972238924476,0.4174913832345088,39627787715216616,59314.14272977,19.47672462463379,0.001791383234508781
261.98688300000003,58.201653,0.414368,172756.85+581205.9,366,52017,202,261.9868985078864,58.2016526973126,0.4139064130129896,39633365988542813,59314.41581073,19.25554275512696,0.0017935869870104315
244.6539836624757,55.54193008189011,0.4132781922817229,161836.95+553230.9,8065,58248,872,244.6539992039328,55.541924917622346,0.4138178682056398,39633329410016487,59311.39483462,20.544469833374023,0.0018821317943601978
240.614411,15.539465,0.4175,160227.45+153222.0,2521,54538,622,240.61442813078628,15.539448393118432,0.4177356101567688,39628158982422792,59292.50187691,19.7868709564209,0.0020356101567687857
214.9817702627292,53.668654903560885,0.41788805,141955.62+534007.1,7339,57428,920,214.9817639084666,53.66866893796998,0.4177802646616246,39633304562959033,59318.3246625,20.84578323364257,0.002080264661624587
