Object,W1 Z Score using Max Unc,Uncertainty in W1 Z Score using Max Unc,W1 Z Score using Min Unc,Uncertainty in W1 Z Score using Min Unc,W1 Flux Change,W1 Flux Change Unc,W1 NFD,W1 NFD Unc,W2 Z Score using Max Unc,Uncertainty in W2 Z Score using Max Unc,W2 Z Score using Min Unc,Uncertainty in W2 Z Score using Min Unc,W2 Flux Change,W2 Flux Change Unc,W2 NFD,W2 NFD Unc,Mean Z Score,Mean Z Score Unc,Mean NFD,Mean NFD Unc,W1 First mjd,W1 Last mjd,W2 First mjd,W2 Last mjd,W1 Epochs,W2 Epochs,W1 Min Flux,W1 Min Flux Unc,W1 Max Flux Unc,W2 Min Flux,W2 Min Flux Unc,W2 Max Flux Unc,W1 median_abs_dev of Flux,W2 median_abs_dev of Flux,W1 Mean Unc Counter,W2 Mean Unc Counter,W1 min mjd,W1 max mjd,W2 min mjd,W2 max mjd,W1 Max Flux,W2 Max Flux
075448.10+345828.5,4.303492625561861,1.2935915073833866,-5.244345346753862,1.576403445436521,0.18903476022453333,0.05682216322951987,0.9426755243234239,0.3301590538939866,2.388992088961638,,,,0.11383189373506375,,0.4822793434658748,,3.978943353759121,,0.7124774338946493,,55294.82789935,60392.37221862,55294.82789935,59140.17778014,22,12,0.20053003960212837,0.036045444707706334,0.04392589384299295,0.23602896387188577,,0.04764850175143951,0.021182431400319723,0.010296535902419163,8,8.0,4366.607949049998,2018.2972583400042,0.0,2018.3628374699983,0.3895647998266617,0.3498608576069495
085913.72+323050.8,1.8867561108519606,1.0844435843955005,-4.497149889011062,2.584809619617889,0.13846521355435837,0.07958512053429811,0.4468724286011982,0.26065733359902915,1.5774721600132746,1.1145378714297516,-3.205379207879471,2.264709710911859,0.16676987199095072,0.11782860126408964,0.5951443420917183,0.43476667589387613,2.7916893419389424,0.9430125727871876,0.5210083853464582,0.2534582352315497,55310.40790385,60405.42398546,55310.374796,60405.7452595,23,23,0.3098540090911017,0.030789548263157246,0.07338797672786374,0.2802175206855107,0.05202812558994474,0.10571969269463832,0.015971499736012695,0.01897618455709421,8,7.0,4937.496081990008,2382.4007607500025,191.38358580000204,1653.2931544400053,0.4483192226454601,0.4469873926764614
095035.55+321601.0,2.1251981682234935,,,,0.18333472636470333,,0.9142444829095339,,1.4531172361458478,,,,0.14527579016891567,,0.6935986830796347,,1.7891577021846707,,0.8039215829945843,,55320.66244095,60415.03144024999,55320.66244095,60050.65583387,16,10,0.2005314002893957,,0.086267120453034,0.20945222895158816,,0.09997527147516025,0.026714752458741844,0.022527009010831656,14,7.0,0.0,2903.655562,0.0,3112.754146129999,0.383866126654099,0.35472801912050383
113737.38+511839.9,1.741558107587298,,,,0.1612400392246029,,0.7995888449164067,,,,,,,,,,1.741558107587298,,0.7995888449164067,,55330.92084285,60428.16616928,,,21,8,0.20165368770428482,,0.09258378375211378,,,,0.027187802614629553,,15,5.0,190.57315325000673,5097.245326429998,,,0.3628937269288877,
115103.77+530140.6,9.833549385894278,1.2618807609474767,-12.776845782154568,1.6395764383124138,0.5538791544428022,0.07107600942990196,2.467374082572248,0.5720885550790937,4.391225675007836,,,,0.4426253001159137,,2.1564583127231876,,9.000540281018894,,2.311916197647718,,55331.8143086,60429.12948142,55331.8143086,60062.09384737,21,14,0.22448122413014115,0.04335022617369349,0.05632545612038248,0.20525567199903996,,0.100797666272327,0.043655215383169355,0.06555533516600452,10,3.0,4208.335970075001,1655.219043310004,190.63816100000258,2017.047816279999,0.7783603785729434,0.6478809721149537
115210.24+520205.1,5.33649105116082,1.4435750332985993,-5.125773352709335,1.3865737555596367,0.17489897296604837,0.04731194867616867,0.7421348161964201,0.22770169938484627,2.121967137393892,,,,0.14309881796853452,,0.6920540156137883,,4.194743847088016,,0.7170944159051043,,55332.7734806,60430.09241162,55332.7734806,60430.25279374,23,18,0.23567008197033304,0.03412148000527605,0.03277415276991863,0.20677405916302505,,0.06743686810545158,0.042761857413656235,0.0269307764511989,5,16.0,2182.341998579999,4001.9850874900003,0.0,4208.455095639998,0.4105690549363814,0.34987287713155957
115403.00+003154.0,4.541250240178873,1.514281073606751,-3.9936338964052163,1.331678261359718,0.28262667228785965,0.0942419373756215,0.35643738131839164,0.12303797463899706,4.225589020719186,1.2907398947066837,-5.177821223665984,1.5816068217413144,0.2658393648239804,0.08120275589493942,0.7782424522367876,0.2649405164574071,4.484573595242314,0.7173694905707474,0.5673399167775897,0.14605805392376014,55361.011116049995,60458.09619286,55361.011116049995,60458.192460295,24,24,0.7929209648058777,0.07076929924454517,0.062235432389809775,0.3415893903756053,0.05134193579510296,0.06291178898858818,0.06759763368103089,0.06124922525373741,1,6.0,3634.453931490003,1653.6352821950059,5097.1813442450075,2379.845625330003,1.0755476370937374,0.6074287551995857
121033.30-011755.6,17.029271933339654,1.9502324351136244,-10.170751389137154,1.1647784665261536,0.5269199529977434,0.06034411729798581,0.6873296416340179,0.09139752378216619,11.060121158665543,1.2986621891915509,-13.34849140987811,1.5673590576514522,0.5630925783628775,0.06611745296852428,0.8798468160738921,0.11847486153640581,12.902158972755114,0.7625308733212903,0.7835882288539551,0.07481610817461398,55365.1453223,60302.922236165,55364.7485383,60302.922236165,22,22,0.7666189861171625,0.05180737713838124,0.030942012968044007,0.6399893345929746,0.042183986270252195,0.050911971965306876,0.09516848228927477,0.10718196859058338,1,5.0,4002.0609079299975,0.3967839999968419,4366.364861729999,0.0,1.293538939114906,1.203081912955852
122319.70+312737.0,3.045959191798392,1.3315719526833187,-3.464262366229376,1.514437427798838,0.2057274471973571,0.08993584002134948,1.0912206394965018,0.5879745381530193,2.2547281810313544,,,,0.15771921660319624,,0.7733737585274929,,2.921649913019708,,0.9322971990119974,,55354.3026495,60451.44138896,55354.3026495,59720.18908258,21,12,0.18852965179643363,0.05938564272811648,0.06754110421154123,0.20393660227558577,,0.06995043479301019,0.04144993483366183,0.014933902792895665,14,8.0,4365.886433079999,1654.6535118699976,0.0,4365.886433079999,0.39425709899379074,0.361655818878782
125545.34+232348.0,3.800983550123001,,,,0.1469245148789114,,0.7266319913052989,,3.1252249919974453,1.2585223961169953,-4.089968862063255,1.6470229905072882,0.2560031922293272,0.10309201792608601,1.2845471467393925,0.6560093310850905,3.6720591347279004,,1.0055895690223458,,55365.67944,60302.72365239,55365.67944,59730.82497981,22,15,0.2021993480014289,,0.03865434115708206,0.19929450848039978,0.0625929440695502,0.08191512383423832,0.027189776634962956,0.034793217329839754,12,12.0,188.38804450000316,2746.479890909999,2905.886933089998,3637.0815577999965,0.3491238628803403,0.455297700709727
125610.42+260103.4,3.1675680935790678,1.2500468384099268,-4.222984588559106,1.6665556596188087,0.26166835000724326,0.10326461309594312,0.7522661943381755,0.3257170669689229,2.8560376536597167,1.110921459935474,-5.902284002468171,2.295828961699314,0.18153594242530158,0.07061257540896078,0.5575287856040345,0.22316661730215062,4.037218584566515,0.8232937650205975,0.6548974899711051,0.19741767068383365,55364.12541325,60461.04712159,55364.12541325,60460.85515971,24,24,0.34784010231571333,0.061962894848386185,0.08260859507256291,0.3256081965859807,0.030756897219684498,0.06356216704380002,0.03995132027652609,0.023632590637307715,0,4.0,188.81742324999504,1653.4398317999949,188.81742324999504,2543.8543339899916,0.6095084523229566,0.5071441390112823
133044.43+072628.8,9.784355082526272,1.7264342741567686,-6.952428410344876,1.2267452065058906,0.8620221260929903,0.1521024667457361,0.846717657473895,0.1815339899729397,7.741770010334714,1.2390942807666918,-10.580823772628358,1.693493633234038,0.6413463147079395,0.10264946510740436,1.001837288700065,0.1863042985450074,8.764844318958556,0.745350354996785,0.92427747308698,0.13006140969926727,55207.3860705,60479.598216575,55207.3860705,60479.72631897,25,25,1.0180750554615274,0.12398863752560807,0.08810208938885122,0.6401701373484701,0.06061402481412126,0.08284233629412752,0.11126844956053161,0.101253168994353,5,4.0,4380.335906280001,362.8196221499966,4173.80554044,362.8196221499966,1.8800971815545178,1.2815164520564095
134037.05+131819.2,9.582233024979995,1.3662184967506554,-10.293644554873264,1.467650343420226,0.5555563307184171,0.07921027729504736,0.6959023127331093,0.1098093583409133,7.6336110958996874,1.305015925732406,-9.10399074349467,1.5563869784200333,0.5190569718736341,0.08873619655858238,1.432698569655132,0.3329031244888446,9.153369854811904,0.7135280961714024,1.0643004411941206,0.17527306230114076,55205.26752205,60476.786150625,55205.26752205,60476.210647165004,25,25,0.7983251679916211,0.05397080963470835,0.05797775208243561,0.36229321566125205,0.057014224475626846,0.06799625568460516,0.08512440885209238,0.07535930115963063,3,5.0,4382.5838301999975,177.04723194999679,4907.229033110001,177.04723194999679,1.3538814987100383,0.8813501875348861
134554.00+084537.3,5.115540638618869,1.7483164086173706,-3.567102095080166,1.2191132012443184,0.3159822963517635,0.10799191572711966,0.6703214722969687,0.2614398551766304,3.940748571242456,,,,0.247740557590383,,1.0796968332425705,,4.207797101647164,,0.8750091527697696,,55210.363245,60482.443645845,55210.363245,60321.79520795,25,24,0.47138919072515656,0.08858235282572202,0.06176909122103558,0.22945381514768626,,0.06286636995779568,0.046670367086221076,0.04193243041886313,0,12.0,362.5533507,3809.5293929100008,0.0,3284.8226089399977,0.7873714870769201,0.47719437273806925
135801.62+115331.8,11.506034850166358,1.174258873601788,-18.692724631155897,1.9077030493795315,0.707639534636813,0.07221879767265812,1.132962775847483,0.13447919756978702,6.7091345370235835,1.066818457588267,-18.053737017760874,2.870721964615174,0.6564389691965835,0.10438026018923902,1.9484943236240038,0.374458191058177,13.740407759026677,0.9485963659013352,1.5407285497357432,0.19893691929200574,55211.8182149,60484.39400943,55211.8182149,60484.39400943,25,25,0.6245920428475524,0.03785641465329043,0.061501598409167135,0.33689549989330886,0.03636028200426278,0.09784257053932977,0.09677972699013804,0.09082350262067662,2,5.0,4176.694173700002,0.0,4905.0585729400045,0.0,1.3322315774843654,0.9933344690898924
140659.07+032601.9,12.993338037929355,1.5401764674637735,-11.092283552209175,1.3148333436471262,0.622379301808806,0.0737742642948445,0.6734037690507213,0.08968251154756171,10.27293665283179,1.3804212722163465,-10.795314569889644,1.4506155713940752,0.6334202491246808,0.08511556292944311,1.427566791890236,0.26914007542744006,11.288468203214991,0.7119857221731094,1.0504852804704785,0.14184439809044863,55216.087493650004,60489.05814039,55216.087493650004,60488.93029321,25,25,0.9242290144680314,0.0561092131191373,0.04789987761358894,0.44370620886044243,0.058675478609157006,0.0616591214888953,0.11245611045144477,0.07148218631696335,3,3.0,5272.970646739996,0.0,4541.746347529996,0.0,1.5466083162768374,1.0771264579851232
140957.72-012850.5,13.472772386360363,1.198145355878466,-20.414409401161105,1.8154711677431175,2.1393654712641155,0.19025563042368795,0.5922494132936009,0.05540099128706764,21.528881133495656,1.3922821058793216,-22.223682046174527,1.4372151830733033,1.8579423697992439,0.12015394107972818,1.090277218014514,0.08850120309823353,19.409936241797915,0.7388980308340879,0.8412633156540574,0.05220568164822802,55218.10643235,60491.48469058,55218.10643235,60491.48469058,25,25,3.6122711534093987,0.10479683390411654,0.15879177721654214,1.7041008828770285,0.08360191465747957,0.08629999665465982,0.7339076314827024,0.5874330828324505,4,5.0,4177.985256860004,2921.7443632549985,4909.146985969994,0.0,5.751636624673514,3.5620432526762724
141535.46+022338.7,24.144504115560327,1.2457380502772488,-32.5014350790466,1.6769147203354966,2.6126968193915365,0.13480234782112643,1.3769220772671578,0.09192276675763081,17.307015855161936,1.286954123740106,-21.364229274239708,1.5886495508589586,2.0961667451011525,0.15587149507638576,1.699536351578645,0.1850680285598102,23.82929608100214,0.7307515216047481,1.5382292144229015,0.1033198555982737,55218.13877615,60491.35824353,55218.13877615,60491.35824353,25,25,1.8974906877643207,0.08038712176976825,0.10821082954889683,1.2333756457483773,0.09811572035639227,0.1211165900952218,0.19837869830490673,0.19757147569131495,2,3.0,4381.080689369999,0.0,4381.080689369999,0.0,4.510187507155857,3.3295423908495296
141801.50+525200.7,2.1512305522143857,1.2312559845830564,-2.994785817773847,1.71406451850682,0.13831970782377595,0.07916723192151448,0.4969403519204709,0.29613582967281266,1.3764091073011517,1.0635902328637286,-3.7996237888273483,2.9360767295978354,0.1140408423971111,0.08812258323322826,0.427331521476363,0.33369031268225113,2.5805123165291834,0.9422638702449758,0.46213593669841696,0.22307266439099147,55362.1466495,60459.19562801,55362.1466495,60459.48398511,24,24,0.2783426769213386,0.04618684481636651,0.06429794690364335,0.2668673773540458,0.03001371944571037,0.08285388536895194,0.012936696528633634,0.018397060157103073,0,5.0,3477.847372330005,0.0,3270.669222800003,3842.36665833,0.4166623847451146,0.3809082197511569
141923.44-030458.7,1.802545905697043,,,,0.173565289866816,,0.9922773735429917,,,,,,,,,,1.802545905697043,,0.9922773735429917,,55220.25704575,59398.70625142,,,9,5,0.1749161015806394,,0.09628897068210779,,,,0.07200509287780396,,5,1.0,179.31997545000195,4178.449205670004,,,0.3484813914474554,
142641.03+521214.3,1.2154716811416892,,,,0.1416137501878293,,0.6216212507018468,,2.2470288871226334,,,,0.21543673200828184,,1.0720987673752012,,1.7312502841321613,,0.846860009038524,,55365.5533758,60461.244877325,55365.5533758,60302.23333661001,24,21,0.22781356015087817,,0.11650929625510639,0.20094858660805243,,0.09587626275875474,0.023603026500410157,0.03573478846350531,6,18.0,0.0,5095.691501524998,188.17736344999867,3269.748258239997,0.36942731033870746,0.41638531861633427
144003.98+061936.5,10.709539850834295,1.4211605923434307,-10.605597698082757,1.4073674235022577,0.7576998120505005,0.10054709433928755,0.8627027512596571,0.13427786719158988,6.928772224158505,1.073563326237552,-17.7405448574332,2.7487695843148545,0.6390054695123879,0.09900929272025877,1.2531248131992554,0.21338748305476876,11.49611365762719,0.8912299414664969,1.0579137822294562,0.12606026687855643,55221.84316925,60495.73401811,55221.84316925,60495.73401811,25,25,0.8782860735568088,0.07144338618345619,0.07074998763756168,0.5099296277447358,0.03601949515347877,0.09222492078529754,0.17615936312336045,0.15270084810029316,1,5.0,1464.2303706050006,4178.433665519995,1641.6950488049988,4381.588767994996,1.6359858856073093,1.1489350972571237
144051.17+024415.8,33.08684682732085,1.3179936457575554,-38.53807693763422,1.5351399542121487,0.9270401383856102,0.03692805839526338,1.9174252543270058,0.12220847912421438,10.575912125281471,1.4091796941379435,-10.65187839882096,1.4193017648249036,0.6864376717736189,0.09146388669799636,2.2981141671461116,0.5827472861197946,23.213178572264376,0.7112474446035625,2.1077697107365587,0.2977118203270738,55222.90249505,60497.29779046,55222.90249505,60497.329752285,25,25,0.4834817609153639,0.02405517379307301,0.028018388794308558,0.2986960707117802,0.06444287533826894,0.06490576544529958,0.22901452091032082,0.23590100722840368,3,5.0,4910.157464479998,1464.5221022699989,4909.898077384998,1464.5221022699989,1.410521899300974,0.9851337424853991
145913.90+360051.4,11.396995907982681,2.0602314334103253,-6.327219755376919,1.1437695627311728,0.2893606414481522,0.05230763386391169,0.5086975542955626,0.10064187910538656,3.4399313836401726,1.1471053750804607,-6.1208090255983,2.0410909841099456,0.24187570874488756,0.08065769187205374,0.665115351364765,0.23327310998859482,6.821239018149519,0.8304616757712097,0.5869064528301637,0.12702866967107693,55214.8239133,60487.46705354,55214.8239133,60487.65869685,25,25,0.5688264844301343,0.04573266816001631,0.025389202890340454,0.36365978961179807,0.039516950738590406,0.07031410855902948,0.05053468311744147,0.04881799683424237,1,2.0,2718.529170099995,4177.28811768,3082.070467229998,175.89664875000017,0.8581871258782865,0.6055354983566856
152517.57+401357.6,8.785059989437578,1.3548812302590818,-9.60989654631091,1.4820921508769105,0.4136743727562792,0.06379918222078797,1.0492213410824693,0.1982614783317132,2.609760678375091,1.0996670756536653,-5.704920625106329,2.403865393723772,0.29437650830143147,0.12404055157522209,1.1810345387048025,0.5544672022418669,6.677409459807477,0.829914784790385,1.115127939893636,0.2944237983554487,55218.46208765,60492.195935825,55218.46208765,60492.45169376,25,25,0.39426797431464383,0.04304670406832656,0.047088394758106,0.2492530901122193,0.051600456456122004,0.1127982771526462,0.11129239550278269,0.06211015077194609,0,4.0,4381.011226180002,2722.1920330400026,4542.608426505001,3082.621386595005,0.807942347070923,0.5436295984136508
152551.37+184552.0,14.501142789099537,2.1163867778210967,-7.7744416851579965,1.1346502704447379,0.4291810381145852,0.06263734435054431,0.6099029562601278,0.10105754712383694,4.152296522915282,1.0959940655719491,-9.257018733740027,2.4433798359718986,0.3574131413548389,0.09433880256877883,0.9958920125934937,0.2838606427026209,8.921224932728212,0.8992299568297057,0.8028974844268107,0.15065647372933524,55228.457175,60503.014686495,55228.457175,60502.918928445,24,24,0.7036874206124303,0.05520409766966605,0.02959635970464336,0.3588874464652715,0.0386099619796747,0.0860760158583046,0.13099994699468576,0.05612164437707251,3,4.0,5115.323717799998,2362.75475973,5115.259221044995,2362.75475973,1.1328684587270155,0.7163005878201104
153149.94+372755.4,7.754768710316167,1.357981275906506,-8.440506670284496,1.4780647167674197,0.1885950700315988,0.03302594614981698,0.8861859304114079,0.18094001297432094,1.6565479676200543,,,,0.1597132768979194,,0.7741846838962598,,5.9506077827402395,,0.8301853071538339,,55221.87016495,60495.45342876,55221.87016495,60334.525961305,25,22,0.21281659250000096,0.0223440460861862,0.024319883297191165,0.20629867810627064,,0.09641331251480623,0.019663340579858968,0.04348513364352606,3,17.0,1464.1314290949958,4017.0025053849968,364.331998499998,2722.809868559998,0.40141166253159977,0.36601195500419004
153714.41+454347.7,10.967524355743423,2.572030891425239,-4.628288969419617,1.0853955567061087,0.4633810201218935,0.10866903592783163,0.5833623941379742,0.15531391730372288,6.184114106354156,1.3839316755559798,-6.4640338222701885,1.4465744009013592,0.4245839406081696,0.0950168697140101,1.065136256171555,0.29601060529125434,7.060990313446846,0.8588244436769871,0.8242493251547646,0.16714117636980005,55217.5677283,60490.9195649,55217.46850575,60490.69595968,25,25,0.7943278908244071,0.10011929315208706,0.04225028411988274,0.3986193673795895,0.06568405306689043,0.06865719702227213,0.060651553847016704,0.050720483977972464,0,1.0,4016.695777269997,176.62771254999097,4380.860548209996,176.62771254999097,1.2577089109463007,0.8232033079877591
153938.92+373853.8,2.5917149784388225,,,,0.19755869475160873,,1.0644286663165168,,2.4953666545939788,,,,0.46342457908259144,,3.062533795393043,,2.5435408165164004,,2.06348123085478,,55223.7227434,60498.39003091,55223.7227434,60498.32617102,24,16,0.1856006898379257,,0.07622701431104613,0.1513206416790303,,0.18571402251826408,0.029797509731463723,0.0661534097705846,11,9.0,0.0,3447.7514791700014,366.4139742499974,5274.603427620001,0.3831593845895344,0.6147452207616217
154742.72+012541.0,6.304062159513355,1.3604791314491507,-6.834084433851574,1.4748631944857418,0.4365965251830911,0.09422185986514157,0.7807228069977967,0.1906380543974983,9.218285869950282,1.5930755734772055,-7.433401075412696,1.2846173191158612,0.3475644559313928,0.06006501130086811,1.000783530170911,0.2192419875995519,7.447458384681977,0.7165130995374174,0.8907531685843538,0.145266924066583,56702.9365829,60516.501106359996,56702.96949978,60516.405854965,22,22,0.5592209184486181,0.06388515234322803,0.06925638011424595,0.34729234190338515,0.04675712401433907,0.03770380533157271,0.09087047676773868,0.0803657260646223,1,3.0,0.0,3446.758209499996,0.03291688000172144,3651.2226223899997,0.9958174436317092,0.6948567978347779
155426.13+200527.7,,,,,,,,,5.59863095884849,1.3776711191554474,-5.908116663675897,1.4538271509543141,0.4186913112793698,0.1030285674534886,1.7848371553975908,0.6954357765580534,5.753373811262193,1.0014478390569028,1.7848371553975908,0.6954357765580534,,,56699.73881601,60513.476832945,2,22,,,,0.23458235952405532,0.07086713670594133,0.07478458829611534,,0.05794417231589824,0,11.0,,,3081.909735469999,0.0,,0.6532736708034251
160047.63+331310.7,17.202303001484978,3.866855975649171,-4.605315711995131,1.0352156091624545,0.6011503846814674,0.13513085759904728,0.4338034776458533,0.10572902222595341,15.04212803569257,2.335178498417452,-7.128203257336587,1.106600538127599,0.5585373976749776,0.08670877674473892,0.8084845194949436,0.15544041090875307,10.994487501627317,1.1911619816465657,0.6211439985703985,0.09399514280580959,55232.5896681,60509.621365215,55232.5896681,60509.621365215,24,24,1.3857666331855276,0.13053402248095491,0.03494592466076045,0.6908448884387955,0.0783559864261884,0.03713154125198625,0.11620373990094679,0.09599454299188492,2,3.0,4178.966871134995,1464.0510136199955,4179.326281879999,1464.0510136199955,1.986917017866995,1.249382286113773
160139.10+412529.3,6.618131870892587,1.4994718127265656,-5.923191893564486,1.3420190862066592,0.41626696677979735,0.0943137120009228,0.5834349011373281,0.1441407139646604,9.952420893036756,1.5918234579808894,-8.035815160192188,1.2852751318970108,0.3601947129205739,0.05761074613201089,1.0304861025934169,0.21125345573122362,7.632389954421504,0.7174287870128454,0.8069605018653725,0.1278715840019061,55227.6257844,60502.189410335,55227.6257844,60501.77447948,24,23,0.7134762866745556,0.07027747441916732,0.06289795593384806,0.3495386420196007,0.04482366825769041,0.03619166801643059,0.045846638143454965,0.025976025586597506,0,0.0,4179.2592423800015,180.16260119999788,2192.4390219900015,0.0,1.129743253454353,0.7097333549401746
160310.99+432928.9,7.173374870081049,1.1239405146224588,-13.98124045192627,2.1906122115741042,0.5496662228246615,0.08612294053233453,1.0137229055840073,0.17501460788102902,7.632206423118205,1.2057429496966028,-11.329485217139867,1.7898424344080022,0.4607451806523122,0.07278894494984613,1.4254947489690133,0.2878972262021173,10.029076740566348,0.8185114592454561,1.2196088272765104,0.1684598808519579,55226.6328018,60501.104428089995,55226.6328018,60501.295944095,25,25,0.5422253160078275,0.03931455329122324,0.07662588848064078,0.3232177326402257,0.04066779485755201,0.06036854287073523,0.1273064964135896,0.10406624842317669,0,0.0,4017.5668646699996,0.0,4384.402357949999,0.0,1.091891538832489,0.7839629132925379
160337.12+242513.9,6.011934255551768,1.5178333449418402,-5.265089110541348,1.3292773134852554,0.3527612430730771,0.08906164884371458,1.2511261142576153,0.4337775447526842,,,,,,,,,5.638511683046558,1.0088107155413142,1.2511261142576153,0.4337775447526842,55238.7446774,60352.60848119,,,10,7,0.2819549836367984,0.06700005178769078,0.058676829798548935,,,,0.09698679892314985,,7,4.0,3286.27268283,0.0,,,0.6347162267098755,
160730.20+560305.5,9.502031773714107,1.4615767005247946,-8.914312463404352,1.3711753136578806,0.3716672009703224,0.05716883864672223,0.9401012091360534,0.17532702596933933,4.588702843385802,1.1508711051934069,-8.055262655893886,2.0203027635085276,0.33097515554506,0.08301033125358068,1.224334061006086,0.3590552989981587,7.7650774340995365,0.7674004719388298,1.0822176350710697,0.19978755827998307,55213.2316724,59593.786585530004,55213.2316724,60118.702558,20,22,0.3953480724824107,0.041693310897067626,0.03911449780650933,0.27033075864366957,0.04108806499349735,0.07212826082694168,0.021532019211657233,0.01696176948554362,0,1.0,1640.1851805200058,4380.554913130007,2920.847260610004,4905.4708856,0.7670152734527331,0.6013059141887296
161903.04+540529.0,3.794462093946147,,,,0.2534464913690777,,0.8914681706663073,,4.177554763581362,,,,0.19325742933999432,,0.9371289409340171,,3.9860084287637547,,0.9142985558001622,,55220.3448454,60493.86005036,55220.3448454,60332.491482975005,25,24,0.2843023449504035,,0.06679378660111995,0.20622288022326854,,0.04626089669123027,0.045028508371102005,0.033395865882659664,0,9.0,178.84665959999256,4381.607932549996,363.7377747999999,4748.052305179997,0.5377488363194812,0.39948030956326286
162106.25+371950.7,3.20561102217903,,,,0.10212935141580728,,0.532807010690575,,2.6573991116918108,,,,0.1949355262946157,,1.0370393115098029,,2.9315050669354203,,0.784923161100189,,55238.5437381,60351.54291592,55238.5437381,60147.04323765,21,13,0.19168169593608894,,0.03185955835227455,0.1879731309421755,,0.07335575805566956,0.018536333813919725,0.027245694120598213,14,10.0,178.5048373499958,2555.1244705350036,178.5048373499958,3448.2372442100022,0.2938110473518962,0.3829086572367912
162829.18+432948.5,7.766543111595364,1.2918236920147113,-9.496791016674328,1.5796190733990925,0.7728330225295501,0.12854676709184365,0.7897783529903794,0.14686972815744928,17.969421855635034,2.1505759437347374,-9.438032822549776,1.129541423615107,0.5919478277275378,0.07084416897128319,1.0235166355641043,0.16530275821058077,11.167697201613626,0.7931285199184983,0.9066474942772418,0.11056188190451172,55237.2192957,60512.81187514,55237.2192957,60512.81187514,24,24,0.9785441948406559,0.08137833307825992,0.09950798076118561,0.5783470509019033,0.06271940761990458,0.032941951749099196,0.07712017688567341,0.05830999622178101,0,0.0,4180.024847324996,0.0,4180.024847324996,0.0,1.751377217370206,1.1702948786294411
164331.90+304835.5,32.5438750109878,1.1027146935768137,-70.02656138399531,2.372775772790387,3.802783969589976,0.128853302145163,1.3216661302140478,0.05126192531936049,58.22997981443559,1.3892750903062874,-60.37890808781662,1.4405451153101954,3.5845163138219656,0.08552088188007284,2.031117428520217,0.08376583545769752,55.29483107430883,0.823532788856978,1.6763917793671324,0.04910320808606538,55248.53574675,60361.400034185004,55248.53574675,60361.400034185004,23,23,2.8772652053768706,0.054304879383369364,0.11685098865165999,1.7648001358707688,0.059367027780769965,0.061557917849961896,0.3416116535283815,0.42784227056509305,0,0.0,4748.696831950001,0.0,4748.696831950001,0.0,6.680049174966847,5.349316449692735
164709.87+532202.2,2.570683646900594,1.400323510732221,-2.6224559200033166,1.4285253205181903,0.1067140544079942,0.058130139619956965,0.3875039129077462,0.21871250260532066,1.721491878529457,,,,0.19153243334247527,,0.9396078197102199,,2.304877148477789,,0.6635558663089831,,55233.346628800005,60509.62512196,55233.346628800005,60348.0277466,24,23,0.275388327326129,0.040692411107470294,0.04151193575944537,0.20384295375654166,,0.11125956255227137,0.02403238113739059,0.03311784662753958,3,15.0,1825.7008153399947,5114.681117799992,179.20692189999681,1643.0621243249916,0.3821023817341232,0.39537538709901693
164725.15+351754.3,4.458690591884593,,,,0.301988495795767,,1.7076964487148296,,,,,,,,,,4.458690591884593,,1.7076964487148296,,55248.17098725,60523.26121865,,,21,6,0.1768396813280464,,0.0677303099581357,,,,0.031069079850625625,,11,3.0,0.0,1826.7424032400013,,,0.47882817712381337,
164900.95+452016.8,3.9856752287096535,1.2970140077396266,-4.825381109448977,1.5702701631471605,0.18585460131135606,0.06048059800942018,0.6573451131116553,0.23189951660791575,3.2766168859968627,1.3097188834682734,-3.874023582305061,1.5485123886257122,0.2862019465921156,0.11439973209532894,1.198884130786935,0.606051792323367,3.9904242016151388,0.7185596657978248,0.9281146219492951,0.3244519073689314,56705.66206081,60518.80388603,56705.3985986,60519.185835615,22,22,0.282735198914892,0.03851604611031009,0.04663064365420605,0.2387236090982835,0.07387718234327945,0.08734678375590525,0.026933472088377736,0.02939891799523603,0,13.0,1622.7120051500024,3287.1791935349975,1092.4265752000065,3813.787237015,0.4685898002262481,0.5249255556903991
213135.84+001517.0,2.163723135749204,1.5434503778785487,-1.8403910253139393,1.312807621517403,0.11931498882792654,0.08511105767202165,0.532249729467005,0.4096871768001575,,,,,,,,,2.0020570805315714,1.0131267097564371,0.532249729467005,0.4096871768001575,56795.33713977,60245.87103585,,,10,1,0.22417106523926014,0.06483132507537274,0.05514337156015708,,,,0.018829618365837075,,9,,0.0,899.6053945099993,,,0.3434860540671867,
213400.68+013828.4,3.513125938328235,2.584027861494268,-1.4744383625323658,1.0845013460156943,0.12036474020982424,0.08853250572386563,0.4296546291847867,0.33992370332990884,2.5515023475170233,1.1139782667232947,-5.197981015635829,2.2694229099548022,0.37750489983193525,0.16481750620514546,1.6181808924735175,0.8676989334090313,3.184261916003363,0.9435495178264377,1.023917760829152,0.46595320664329865,55333.8207705,60246.45328838,55333.8207705,60246.38866434,22,19,0.28014300797410363,0.08163429768816943,0.03426143620319552,0.23328967829726943,0.07262529407021276,0.14795396923671322,0.027818514241607112,0.04549333135500874,7,13.0,179.0206029999972,1643.3632902850004,2190.4568061600003,4382.216077749996,0.40050774818392787,0.6107945781292047
221044.76+245958.0,5.9159639694090105,1.142691234485784,-10.699095799442485,2.066571576528368,0.8007454831355512,0.15466707528384172,0.29479123334274027,0.057516461969424865,7.851126453583478,1.1805537148470615,-12.512536676533447,1.8814779946512556,0.5971976805031043,0.08979908098336581,0.563148521371782,0.08839094804233595,9.244680724742105,0.8104831836735454,0.4289698773572611,0.052728320410627603,55354.092414800005,60467.53263233999,55354.092414800005,60467.53263233999,23,23,2.7163137589120945,0.07484235099355563,0.13535334009404787,1.0604621300405468,0.04772794645414424,0.07606522249180259,0.1753967706339088,0.11648178709897916,1,1.0,178.16241279999667,4909.3042769199965,2191.2134812899967,4746.388987089995,3.5170592420476456,1.657659810543651
221925.57+272806.4,5.110308683858053,1.4937879426233747,-4.605185548951106,1.3461360305485706,0.4184366151333787,0.1223126838526885,0.610395320866909,0.19590993221162709,2.6516093683607456,1.081075491993172,-6.455365412565337,2.631887420015834,0.1716446557652352,0.06998045522599584,0.47829553896094024,0.19819763443163474,4.705617253433811,0.8710281367905803,0.5443454299139245,0.139340413945004,55357.5319322,60471.11541227,55357.5319322,60266.88721763,23,22,0.6855174029497761,0.09086205337126607,0.08188088841973395,0.3588673566517468,0.026589456180300765,0.06473225574374397,0.07744070887080468,0.038382875448930015,2,3.0,4544.673925499999,5113.583480070003,3449.1837089750043,1826.6852135599984,1.1039540180831549,0.530512012416982
224657.70-003242.5,4.7773221824249426,1.2757852885742782,-6.030222550731312,1.6103726990309049,0.6509928417019819,0.17384782911773003,0.43350732875281706,0.11988958726213583,4.921382162735152,1.2956692147815407,-5.973507065574773,1.572665757955235,0.46774784328502284,0.12314558406251525,0.5522254554670054,0.15408883826261968,5.425608490366545,0.723401886605233,0.49286639210991123,0.09761772791226121,55349.7314853,60465.48981413,55349.6322893,60465.48981413,23,23,1.50168820346097,0.10795502756743747,0.13626730976966295,0.8470233283423314,0.07830372311445755,0.09504399939245178,0.19309346230711188,0.09745540317752566,1,3.0,180.73284139999305,2922.0260218900003,0.0,3289.0585681199955,2.152681045162952,1.3147711716273542
