obsmjd,mag_autocorr,magerr_auto,oid,ra,dec,fid,transient_flag,astrometricrms,nobs,ngoodobs,nbestobs,referencemag,referencemagerr,medianmag,bestmedianmag,meanmag,bestmeanmag,magrms,bestmagrms,sid,s_ra,s_dec,ptffield,ccdid,hmjd,nid,mag_auto,limitmag,absphotzp,fwhmsex,fwhm_image,qaflags,flags,photcalflag,goodflag,pid,dist,angle
54963.1844072,19.682,0.064,44132040008591,231.323265,40.232721,2,0,8.866018e-07,90,89,88,19.487,0.016,19.584,19.584,19.62,19.618,0.16,0.16,12076862001157,231.323228,40.232679,4413,4,54963.1875072,82,19.671,21.468,27.8,2.15,3.096,0,131072,0,1,12076862,0.193221,67.062251
54963.2309372,19.569,0.067,44132040008591,231.323265,40.232721,2,0,8.866018e-07,90,89,88,19.487,0.016,19.584,19.584,19.62,19.618,0.16,0.16,12076890001150,231.323198,40.232674,4413,4,54963.2340372,82,19.571,21.602,27.824,1.65,2.061,0,131072,0,1,12076890,0.193221,67.062251
54963.3074172,19.483,0.071,44132040008591,231.323265,40.232721,2,0,8.866018e-07,90,89,88,19.487,0.016,19.584,19.584,19.62,19.618,0.16,0.16,12076814000971,231.323222,40.232659,4413,4,54963.3105172,82,19.487,21.348,27.83,1.65,2.175,0,131072,0,1,12076814,0.193221,67.062251
54963.3521672,19.634,0.076,44132040008591,231.323265,40.232721,2,0,8.866018e-07,90,89,88,19.487,0.016,19.584,19.584,19.62,19.618,0.16,0.16,12076806000940,231.323197,40.232653,4413,4,54963.3552672,82,19.631,21.263,27.821,1.75,2.345,0,2228224,0,1,12076806,0.193221,67.062251
54963.3978272,19.743,0.088,44132040008591,231.323265,40.232721,2,0,8.866018e-07,90,89,88,19.487,0.016,19.584,19.584,19.62,19.618,0.16,0.16,12076834000861,231.323243,40.232701,4413,4,54963.4009172,82,19.743,21.033,27.801,1.95,2.659,0,131072,0,1,12076834,0.193221,67.062251
54963.4441072,19.434,0.083,44132040008591,231.323265,40.232721,2,0,8.866018e-07,90,89,88,19.487,0.016,19.584,19.584,19.62,19.618,0.16,0.16,12076946000743,231.323201,40.232665,4413,4,54963.4472072,82,19.428,20.819,27.768,2.15,3.436,0,131072,0,1,12076946,0.193221,67.062251
54970.2077872,19.768,0.172,44132040008591,231.323265,40.232721,2,0,8.866018e-07,90,89,88,19.487,0.016,19.584,19.584,19.62,19.618,0.16,0.16,12127880000643,231.323173,40.232708,4413,4,54970.2107272,88,20.563,21.452,27.752,1.65,2.168,0,131072,0,1,12127880,0.193221,67.062251
55003.3366872,19.711,0.057,44132040008591,231.323265,40.232721,2,0,8.866018e-07,90,89,88,19.487,0.016,19.584,19.584,19.62,19.618,0.16,0.16,12019826001352,231.32321,40.232676,4413,4,55003.3383972,115,19.715,21.802,27.774,1.95,2.251,0,131072,0,1,12019826,0.193221,67.062251
55003.4290172,19.772,0.085,44132040008591,231.323265,40.232721,2,0,8.866018e-07,90,89,88,19.487,0.016,19.584,19.584,19.62,19.618,0.16,0.16,12019745000928,231.323274,40.232684,4413,4,55003.4307172,115,19.756,20.995,27.687,2.85,3.231,0,131072,0,1,12019745,0.193221,67.062251
55019.2112172,19.574,0.093,44132040008591,231.323265,40.232721,2,0,8.866018e-07,90,89,88,19.487,0.016,19.584,19.584,19.62,19.618,0.16,0.16,11911259000808,231.323225,40.232667,4413,4,55019.2121172,133,19.598,21.062,27.792,1.55,2.704,0,131072,0,1,11911259,0.193221,67.062251
55019.3113572,19.977,0.151,44132040008591,231.323265,40.232721,2,0,8.866018e-07,90,89,88,19.487,0.016,19.584,19.584,19.62,19.618,0.16,0.16,11911286000626,231.323168,40.232695,4413,4,55019.3122572,133,19.992,20.54,27.741,2.05,4.432,0,131072,0,1,11911286,0.193221,67.062251
55029.2333472,19.72,0.081,44132040008591,231.323265,40.232721,2,0,8.866018e-07,90,89,88,19.487,0.016,19.584,19.584,19.62,19.618,0.16,0.16,11952114001038,231.323233,40.232673,4413,4,55029.2337072,143,19.727,21.636,27.764,1.55,2.69,0,131072,0,1,11952114,0.193221,67.062251
55029.3318672,19.666,0.093,44132040008591,231.323265,40.232721,2,0,8.866018e-07,90,89,88,19.487,0.016,19.584,19.584,19.62,19.618,0.16,0.16,11952126000752,231.323201,40.232666,4413,4,55029.3322172,143,19.69,21.096,27.695,2.05,3.031,0,131072,0,1,11952126,0.193221,67.062251
55040.2113472,19.793,0.073,44132040008591,231.323265,40.232721,2,0,8.866018e-07,90,89,88,19.487,0.016,19.584,19.584,19.62,19.618,0.16,0.16,11988482000979,231.323227,40.232697,4413,4,55040.2110972,154,19.809,21.561,27.835,1.75,2.186,0,131072,0,1,11988482,0.193221,67.062251
55634.2594672,20.019,0.18,44132040008591,231.323265,40.232721,2,0,8.866018e-07,90,89,88,19.487,0.016,19.584,19.584,19.62,19.618,0.16,0.16,9961696000452,231.323283,40.232702,4413,4,55634.2620872,733,19.956,20.084,27.855,3.85,4.956,0,0,0,1,9961696,0.193221,67.062251
55634.2614272,19.684,0.16,44132040008591,231.323265,40.232721,2,0,8.866018e-07,90,89,88,19.487,0.016,19.584,19.584,19.62,19.618,0.16,0.16,9961680000472,231.323468,40.232693,4413,4,55634.2640372,733,19.617,20.13,27.863,3.75,4.343,0,131072,0,1,9961680,0.193221,67.062251
55651.4975372,19.607,0.075,44132040008591,231.323265,40.232721,2,0,8.866018e-07,90,89,88,19.487,0.016,19.584,19.584,19.62,19.618,0.16,0.16,9991837000986,231.32322,40.232666,4413,4,55651.5006372,749,19.624,21.599,28.103,2.25,2.977,0,131072,0,1,9991837,0.193221,67.062251
55652.5245572,19.584,0.071,44132040008591,231.323265,40.232721,2,0,8.866018e-07,90,89,88,19.487,0.016,19.584,19.584,19.62,19.618,0.16,0.16,9994534000974,231.323205,40.232691,4413,4,55652.5276772,750,19.6,21.576,28.13,1.75,2.538,0,131072,0,1,9994534,0.193221,67.062251
55666.2224772,19.886,0.159,44132040008591,231.323265,40.232721,2,0,8.866018e-07,90,89,88,19.487,0.016,19.584,19.584,19.62,19.618,0.16,0.16,10044276000556,231.323236,40.232633,4413,4,55666.2257672,764,19.894,20.614,28.045,2.45,2.399,0,0,0,1,10044276,0.193221,67.062251
55666.2657972,19.94,0.106,44132040008591,231.323265,40.232721,2,0,8.866018e-07,90,89,88,19.487,0.016,19.584,19.584,19.62,19.618,0.16,0.16,10044243000712,231.323249,40.232698,4413,4,55666.2690872,764,19.941,21.054,28.081,1.85,2.863,0,131072,0,1,10044243,0.193221,67.062251
55680.5040072,19.491,0.121,44132040008591,231.323265,40.232721,2,0,8.866018e-07,90,89,88,19.487,0.016,19.584,19.584,19.62,19.618,0.16,0.16,12855487000542,231.323199,40.232656,4413,4,55680.5072872,778,19.531,20.556,28.067,2.45,3.919,0,131072,1,1,12855487,0.193221,67.062251
55689.4924572,20.176,0.166,44131040002684,231.323277,40.232706,1,0,2.031235e-06,7,7,7,20.305,0.042,20.184,20.184,20.286,20.286,0.259,0.259,10073276000321,231.323128,40.232526,4413,4,55689.4956272,787,20.177,20.448,28.115,3.55,4.291,0,0,0,1,10073276,0.212656,84.17205
55693.4234372,19.656,0.072,44132040008591,231.323265,40.232721,2,0,8.866018e-07,90,89,88,19.487,0.016,19.584,19.584,19.62,19.618,0.16,0.16,10069346001040,231.323235,40.232685,4413,4,55693.4265472,791,19.671,21.751,28.094,2.05,3.098,0,131072,0,1,10069346,0.193221,67.062251
55693.4669072,19.68,0.068,44132040008591,231.323265,40.232721,2,0,8.866018e-07,90,89,88,19.487,0.016,19.584,19.584,19.62,19.618,0.16,0.16,10069331000992,231.323179,40.23274,4413,4,55693.4700172,791,19.691,21.64,28.07,1.95,2.398,0,131072,0,1,10069331,0.193221,67.062251
55702.3952972,19.81,0.18,44132040008591,231.323265,40.232721,2,0,8.866018e-07,90,89,88,19.487,0.016,19.584,19.584,19.62,19.618,0.16,0.16,13041312000602,231.323246,40.232695,4413,4,55702.3981972,800,19.852,20.998,27.921,1.65,1.95,0,131072,1,1,13041312,0.193221,67.062251
55702.4381972,19.632,0.137,44132040008591,231.323265,40.232721,2,0,8.866018e-07,90,89,88,19.487,0.016,19.584,19.584,19.62,19.618,0.16,0.16,13041354000748,231.323197,40.232707,4413,4,55702.4410972,800,19.406,20.943,27.824,1.95,2.585,0,131072,1,1,13041354,0.193221,67.062251
55706.3827672,19.741,0.071,44132040008591,231.323265,40.232721,2,0,8.866018e-07,90,89,88,19.487,0.016,19.584,19.584,19.62,19.618,0.16,0.16,10087327001014,231.323207,40.2327,4413,4,55706.3855472,804,19.744,21.562,28.079,2.05,1.99,0,131072,0,1,10087327,0.193221,67.062251
55706.4289372,19.618,0.077,44132040008591,231.323265,40.232721,2,0,8.866018e-07,90,89,88,19.487,0.016,19.584,19.584,19.62,19.618,0.16,0.16,10087180000933,231.323257,40.232677,4413,4,55706.4317172,804,19.622,21.598,28.057,1.75,2.222,0,131072,0,1,10087180,0.193221,67.062251
55709.4121272,19.937,0.098,44132040008591,231.323265,40.232721,2,0,8.866018e-07,90,89,88,19.487,0.016,19.584,19.584,19.62,19.618,0.16,0.16,9619688000757,231.323277,40.232632,4413,4,55709.4148172,807,19.912,21.171,28.014,2.95,4.003,0,131072,0,1,9619688,0.193221,67.062251
55709.4560172,19.853,0.089,44132040008591,231.323265,40.232721,2,0,8.866018e-07,90,89,88,19.487,0.016,19.584,19.584,19.62,19.618,0.16,0.16,9619736000852,231.323261,40.23265,4413,4,55709.4587072,807,19.804,21.275,27.985,2.35,3.081,0,131072,0,1,9619736,0.193221,67.062251
55714.4105172,20.044,0.079,44131040002684,231.323277,40.232706,1,0,2.031235e-06,7,7,7,20.305,0.042,20.184,20.184,20.286,20.286,0.259,0.259,9641858000558,231.323255,40.232717,4413,4,55714.4130372,812,20.036,21.633,28.161,2.55,3.329,0,131072,0,1,9641858,0.212656,84.17205
55714.4553172,20.107,0.138,44131040002684,231.323277,40.232706,1,0,2.031235e-06,7,7,7,20.305,0.042,20.184,20.184,20.286,20.286,0.259,0.259,9641973000423,231.323308,40.232568,4413,4,55714.4578272,812,20.091,20.98,28.083,3.75,4.758,0,131072,0,1,9641973,0.212656,84.17205
55717.3670572,20.184,0.072,44131040002684,231.323277,40.232706,1,0,2.031235e-06,7,7,7,20.305,0.042,20.184,20.184,20.286,20.286,0.259,0.259,10665079000667,231.323275,40.232663,4413,4,55717.3694672,815,20.197,22.051,28.242,2.05,4.066,0,131072,1,1,10665079,0.212656,84.17205
55717.4122872,20.198,0.081,44131040002684,231.323277,40.232706,1,0,2.031235e-06,7,7,7,20.305,0.042,20.184,20.184,20.286,20.286,0.259,0.259,10665203000625,231.32326,40.232679,4413,4,55717.4146972,815,20.204,21.868,28.201,2.15,2.455,0,131072,1,1,10665203,0.212656,84.17205
55720.3485072,20.534,0.09,44131040002684,231.323277,40.232706,1,0,2.031235e-06,7,7,7,20.305,0.042,20.184,20.184,20.286,20.286,0.259,0.259,9672635000651,231.323237,40.232666,4413,4,55720.3507972,818,20.565,21.984,28.219,2.45,3.121,0,131072,0,1,9672635,0.212656,84.17205
55720.4680772,20.755,0.12,44131040002684,231.323277,40.232706,1,0,2.031235e-06,7,7,7,20.305,0.042,20.184,20.184,20.286,20.286,0.259,0.259,9672577000446,231.323209,40.232667,4413,4,55720.4703672,818,20.742,21.158,28.0,2.85,2.172,0,131072,0,1,9672577,0.212656,84.17205
55821.1364772,19.835,0.103,44132040008591,231.323265,40.232721,2,0,8.866018e-07,90,89,88,19.487,0.016,19.584,19.584,19.62,19.618,0.16,0.16,10511971000943,231.323211,40.232678,4413,4,55821.1338472,919,19.856,21.691,27.992,1.55,2.305,0,131072,0,1,10511971,0.193221,67.062251
56016.2074972,19.691,0.186,44132040008591,231.323265,40.232721,2,0,8.866018e-07,90,89,88,19.487,0.016,19.584,19.584,19.62,19.618,0.16,0.16,12880450000532,231.323196,40.232737,4413,4,56016.2105872,1113,19.716,20.474,27.769,2.75,4.45,0,131072,1,1,12880450,0.193221,67.062251
56016.2624972,19.617,0.144,44132040008591,231.323265,40.232721,2,0,8.866018e-07,90,89,88,19.487,0.016,19.584,19.584,19.62,19.618,0.16,0.16,12880321000811,231.323246,40.232656,4413,4,56016.2655872,1113,19.658,21.34,27.918,1.85,2.359,0,131072,1,1,12880321,0.193221,67.062251
56020.2264672,19.98,0.167,44132040008591,231.323265,40.232721,2,0,8.866018e-07,90,89,88,19.487,0.016,19.584,19.584,19.62,19.618,0.16,0.16,12960863000489,231.323169,40.232659,4413,4,56020.2296372,1117,19.94,20.314,27.859,2.85,4.092,0,0,1,1,12960863,0.193221,67.062251
56020.2559872,19.498,0.16,44132040008591,231.323265,40.232721,2,0,8.866018e-07,90,89,88,19.487,0.016,19.584,19.584,19.62,19.618,0.16,0.16,12960887000529,231.323397,40.232653,4413,4,56020.2591472,1117,19.483,20.472,27.924,2.85,6.213,0,131072,1,1,12960887,0.193221,67.062251
56022.2786472,19.694,0.185,44132040008591,231.323265,40.232721,2,0,8.866018e-07,90,89,88,19.487,0.016,19.584,19.584,19.62,19.618,0.16,0.16,12988245000502,231.323181,40.232592,4413,4,56022.2818372,1119,19.713,20.377,27.949,2.35,2.27,0,131072,1,1,12988245,0.193221,67.062251
56022.3115872,19.565,0.166,44132040008591,231.323265,40.232721,2,0,8.866018e-07,90,89,88,19.487,0.016,19.584,19.584,19.62,19.618,0.16,0.16,12988217000560,231.323215,40.232684,4413,4,56022.3147772,1119,19.484,20.535,27.883,2.05,2.854,0,131072,1,1,12988217,0.193221,67.062251
56026.3450372,19.46,0.098,44132040008591,231.323265,40.232721,2,0,8.866018e-07,90,89,88,19.487,0.016,19.584,19.584,19.62,19.618,0.16,0.16,13051469000619,231.323222,40.232697,4413,4,56026.3482872,1123,19.468,21.017,27.974,1.55,2.096,0,131072,1,1,13051469,0.193221,67.062251
56026.3787772,19.697,0.104,44132040008591,231.323265,40.232721,2,0,8.866018e-07,90,89,88,19.487,0.016,19.584,19.584,19.62,19.618,0.16,0.16,13051600000628,231.323196,40.232667,4413,4,56026.3820172,1123,19.706,21.04,27.978,1.55,1.885,0,131072,1,1,13051600,0.193221,67.062251
56033.3853172,19.559,0.077,44132040008591,231.323265,40.232721,2,0,8.866018e-07,90,89,88,19.487,0.016,19.584,19.584,19.62,19.618,0.16,0.16,13082302001048,231.323241,40.232698,4413,4,56033.3886172,1130,19.578,21.849,27.972,1.55,2.711,0,131072,1,1,13082302,0.193221,67.062251
56033.4202272,19.558,0.079,44132040008591,231.323265,40.232721,2,0,8.866018e-07,90,89,88,19.487,0.016,19.584,19.584,19.62,19.618,0.16,0.16,13082462001031,231.323229,40.232685,4413,4,56033.4235372,1130,19.575,21.755,27.971,1.65,1.887,0,131072,1,1,13082462,0.193221,67.062251
56035.3434272,19.489,0.076,44132040008591,231.323265,40.232721,2,0,8.866018e-07,90,89,88,19.487,0.016,19.584,19.584,19.62,19.618,0.16,0.16,13101907001028,231.323193,40.23269,4413,4,56035.3467372,1132,19.486,21.677,27.981,1.85,2.108,0,131072,1,1,13101907,0.193221,67.062251
56035.3862872,19.681,0.073,44132040008591,231.323265,40.232721,2,0,8.866018e-07,90,89,88,19.487,0.016,19.584,19.584,19.62,19.618,0.16,0.16,13101863001097,231.32325,40.232676,4413,4,56035.3895972,1132,19.672,21.84,27.983,1.65,2.154,0,131072,1,1,13101863,0.193221,67.062251
56035.4191572,19.644,0.076,44132040008591,231.323265,40.232721,2,0,8.866018e-07,90,89,88,19.487,0.016,19.584,19.584,19.62,19.618,0.16,0.16,13101754001094,231.32325,40.232688,4413,4,56035.4224672,1132,19.621,21.858,27.975,1.65,1.872,0,131072,1,1,13101754,0.193221,67.062251
56037.3560672,19.445,0.068,44132040008591,231.323265,40.232721,2,0,8.866018e-07,90,89,88,19.487,0.016,19.584,19.584,19.62,19.618,0.16,0.16,13115443001094,231.323269,40.232677,4413,4,56037.3593772,1134,19.454,21.785,27.992,1.85,1.829,0,131072,1,1,13115443,0.193221,67.062251
56037.3862872,19.467,0.058,44132040008591,231.323265,40.232721,2,0,8.866018e-07,90,89,88,19.487,0.016,19.584,19.584,19.62,19.618,0.16,0.16,13115129001121,231.323251,40.232668,4413,4,56037.3895972,1134,19.47,21.854,27.994,1.75,2.278,0,131072,1,1,13115129,0.193221,67.062251
56037.4156572,19.7,0.064,44132040008591,231.323265,40.232721,2,0,8.866018e-07,90,89,88,19.487,0.016,19.584,19.584,19.62,19.618,0.16,0.16,13115127001038,231.323246,40.232697,4413,4,56037.4189672,1134,19.706,21.718,27.99,1.95,2.044,0,131072,1,1,13115127,0.193221,67.062251
56039.4555872,19.533,0.056,44132040008591,231.323265,40.232721,2,0,8.866018e-07,90,89,88,19.487,0.016,19.584,19.584,19.62,19.618,0.16,0.16,13131730001193,231.323214,40.2327,4413,4,56039.4588972,1136,19.54,22.105,28.0,1.45,1.829,0,12713984,1,1,13131730,0.193221,67.062251
56039.4869072,19.506,0.057,44132040008591,231.323265,40.232721,2,0,8.866018e-07,90,89,88,19.487,0.016,19.584,19.584,19.62,19.618,0.16,0.16,13131586001106,231.323233,40.232699,4413,4,56039.4902172,1136,19.515,22.043,27.994,1.45,1.796,0,131072,1,1,13131586,0.193221,67.062251
56040.1915372,19.431,0.073,44132040008591,231.323265,40.232721,2,0,8.866018e-07,90,89,88,19.487,0.016,19.584,19.584,19.62,19.618,0.16,0.16,13138593000940,231.32322,40.232716,4413,4,56040.1948472,1137,19.437,21.405,27.877,2.15,2.35,0,131072,1,1,13138593,0.193221,67.062251
56040.2248572,19.487,0.059,44132040008591,231.323265,40.232721,2,0,8.866018e-07,90,89,88,19.487,0.016,19.584,19.584,19.62,19.618,0.16,0.16,13138584001014,231.323228,40.232686,4413,4,56040.2281672,1137,19.498,21.667,27.916,1.85,1.854,0,131072,1,1,13138584,0.193221,67.062251
56041.3985872,19.606,0.068,44132040008591,231.323265,40.232721,2,0,8.866018e-07,90,89,88,19.487,0.016,19.584,19.584,19.62,19.618,0.16,0.16,13145374000878,231.323223,40.232668,4413,4,56041.4018972,1138,19.585,21.135,27.969,3.05,3.256,0,131072,1,1,13145374,0.193221,67.062251
56041.4289272,19.49,0.062,44132040008591,231.323265,40.232721,2,0,8.866018e-07,90,89,88,19.487,0.016,19.584,19.584,19.62,19.618,0.16,0.16,13145469000908,231.323224,40.23267,4413,4,56041.4322272,1138,19.467,21.117,27.972,3.35,3.232,0,131072,1,1,13145469,0.193221,67.062251
56041.4614372,19.544,0.066,44132040008591,231.323265,40.232721,2,0,8.866018e-07,90,89,88,19.487,0.016,19.584,19.584,19.62,19.618,0.16,0.16,13145375000826,231.323211,40.232727,4413,4,56041.4647372,1138,19.53,20.927,27.974,3.95,4.389,0,131072,1,1,13145375,0.193221,67.062251
56045.4451572,19.558,0.099,44132040008591,231.323265,40.232721,2,0,8.866018e-07,90,89,88,19.487,0.016,19.584,19.584,19.62,19.618,0.16,0.16,13174441000790,231.323279,40.23272,4413,4,56045.4484472,1142,19.59,21.36,27.868,1.95,3.216,0,131072,1,1,13174441,0.193221,67.062251
56045.4837272,19.546,0.093,44132040008591,231.323265,40.232721,2,0,8.866018e-07,90,89,88,19.487,0.016,19.584,19.584,19.62,19.618,0.16,0.16,13174379000774,231.323194,40.232694,4413,4,56045.4870072,1142,19.492,21.153,27.834,2.35,2.957,0,131072,1,1,13174379,0.193221,67.062251
56046.1659072,19.768,0.09,44132040008591,231.323265,40.232721,2,0,8.866018e-07,90,89,88,19.487,0.016,19.584,19.584,19.62,19.618,0.16,0.16,13181856000631,231.323184,40.232687,4413,4,56046.1691772,1143,19.769,20.799,27.781,2.15,1.988,0,131072,1,1,13181856,0.193221,67.062251
56046.1971872,19.544,0.082,44132040008591,231.323265,40.232721,2,0,8.866018e-07,90,89,88,19.487,0.016,19.584,19.584,19.62,19.618,0.16,0.16,13182062000761,231.323265,40.232695,4413,4,56046.2004672,1143,19.535,21.125,27.829,1.85,1.825,0,131072,1,1,13182062,0.193221,67.062251
56046.2327572,19.447,0.076,44132040008591,231.323265,40.232721,2,0,8.866018e-07,90,89,88,19.487,0.016,19.584,19.584,19.62,19.618,0.16,0.16,13181849000820,231.323209,40.232711,4413,4,56046.2360372,1143,19.432,21.318,27.864,1.75,2.545,0,131072,1,1,13181849,0.193221,67.062251
56048.3308572,19.618,0.116,44132040008591,231.323265,40.232721,2,0,8.866018e-07,90,89,88,19.487,0.016,19.584,19.584,19.62,19.618,0.16,0.16,13197006000673,231.3232,40.232727,4413,4,56048.3341172,1145,19.582,21.006,27.804,1.85,2.195,0,131072,1,1,13197006,0.193221,67.062251
56048.3644172,19.663,0.104,44132040008591,231.323265,40.232721,2,0,8.866018e-07,90,89,88,19.487,0.016,19.584,19.584,19.62,19.618,0.16,0.16,13197028000772,231.323205,40.232683,4413,4,56048.3676772,1145,19.599,21.241,27.806,1.65,1.822,0,131072,1,1,13197028,0.193221,67.062251
56048.3940272,19.476,0.106,44132040008591,231.323265,40.232721,2,0,8.866018e-07,90,89,88,19.487,0.016,19.584,19.584,19.62,19.618,0.16,0.16,13196821000724,231.323234,40.232705,4413,4,56048.3972872,1145,19.603,21.397,27.811,1.65,2.151,0,131072,1,1,13196821,0.193221,67.062251
56050.2976572,19.949,0.228,44132040008591,231.323265,40.232721,2,0,8.866018e-07,90,89,88,19.487,0.016,19.584,19.584,19.62,19.618,0.16,0.16,13210470000451,231.323161,40.232797,4413,4,56050.3008972,1147,19.869,20.105,27.774,2.85,3.39,0,0,1,1,13210470,0.193221,67.062251
56050.3632972,19.583,0.174,44132040008591,231.323265,40.232721,2,0,8.866018e-07,90,89,88,19.487,0.016,19.584,19.584,19.62,19.618,0.16,0.16,13210434000545,231.323238,40.232666,4413,4,56050.3665372,1147,19.461,20.54,27.768,2.05,2.852,0,131072,1,1,13210434,0.193221,67.062251
56058.3737472,19.516,0.064,44132040008591,231.323265,40.232721,2,0,8.866018e-07,90,89,88,19.487,0.016,19.584,19.584,19.62,19.618,0.16,0.16,13256744000951,231.323207,40.232704,4413,4,56058.3768672,1155,19.499,21.598,27.974,1.75,2.204,0,131072,1,1,13256744,0.193221,67.062251
56058.4057772,19.678,0.075,44132040008591,231.323265,40.232721,2,0,8.866018e-07,90,89,88,19.487,0.016,19.584,19.584,19.62,19.618,0.16,0.16,13256584000803,231.323217,40.232642,4413,4,56058.4088872,1155,19.683,21.38,27.963,2.05,2.989,0,131072,1,1,13256584,0.193221,67.062251
56058.4387172,19.595,0.078,44132040008591,231.323265,40.232721,2,0,8.866018e-07,90,89,88,19.487,0.016,19.584,19.584,19.62,19.618,0.16,0.16,13256688000823,231.323235,40.232684,4413,4,56058.4418272,1155,19.588,21.311,27.947,2.05,2.706,0,131072,1,1,13256688,0.193221,67.062251
56060.3969672,19.477,0.055,44132040008591,231.323265,40.232721,2,0,8.866018e-07,90,89,88,19.487,0.016,19.584,19.584,19.62,19.618,0.16,0.16,13272744001066,231.32323,40.232704,4413,4,56060.4000372,1157,19.483,21.821,27.988,1.65,1.803,0,131072,1,1,13272744,0.193221,67.062251
56060.4281472,19.515,0.058,44132040008591,231.323265,40.232721,2,0,8.866018e-07,90,89,88,19.487,0.016,19.584,19.584,19.62,19.618,0.16,0.16,13272882001063,231.323235,40.232687,4413,4,56060.4312172,1157,19.516,21.836,27.98,1.55,1.753,0,131072,1,1,13272882,0.193221,67.062251
56060.4577272,19.566,0.061,44132040008591,231.323265,40.232721,2,0,8.866018e-07,90,89,88,19.487,0.016,19.584,19.584,19.62,19.618,0.16,0.16,13272862001026,231.323219,40.232697,4413,4,56060.4608072,1157,19.565,21.776,27.967,1.55,1.674,0,131072,1,1,13272862,0.193221,67.062251
56062.4048072,19.48,0.057,44132040008591,231.323265,40.232721,2,0,8.866018e-07,90,89,88,19.487,0.016,19.584,19.584,19.62,19.618,0.16,0.16,13287494001094,231.323214,40.232684,4413,4,56062.4078272,1159,19.474,21.868,27.971,1.65,1.89,0,131072,1,1,13287494,0.193221,67.062251
56062.4365972,19.521,0.059,44132040008591,231.323265,40.232721,2,0,8.866018e-07,90,89,88,19.487,0.016,19.584,19.584,19.62,19.618,0.16,0.16,13287578000951,231.323234,40.232685,4413,4,56062.4396272,1159,19.521,21.379,27.958,2.35,2.292,0,131072,1,1,13287578,0.193221,67.062251
56062.4670272,19.47,0.063,44132040008591,231.323265,40.232721,2,0,8.866018e-07,90,89,88,19.487,0.016,19.584,19.584,19.62,19.618,0.16,0.16,13287557000893,231.323266,40.232681,4413,4,56062.4700572,1159,19.461,21.241,27.939,2.45,2.595,0,131072,1,1,13287557,0.193221,67.062251
56065.3235772,19.577,0.069,44132040008591,231.323265,40.232721,2,0,8.866018e-07,90,89,88,19.487,0.016,19.584,19.584,19.62,19.618,0.16,0.16,13306036000926,231.323224,40.232643,4413,4,56065.3265372,1162,19.553,21.542,27.94,2.45,3.964,0,131072,1,1,13306036,0.193221,67.062251
56065.3547272,19.685,0.071,44132040008591,231.323265,40.232721,2,0,8.866018e-07,90,89,88,19.487,0.016,19.584,19.584,19.62,19.618,0.16,0.16,13306199000889,231.323251,40.232681,4413,4,56065.3576772,1162,19.67,21.499,27.935,2.45,2.994,0,131072,1,1,13306199,0.193221,67.062251
56065.3885572,19.396,0.064,44132040008591,231.323265,40.232721,2,0,8.866018e-07,90,89,88,19.487,0.016,19.584,19.584,19.62,19.618,0.16,0.16,13306088000915,231.323251,40.232673,4413,4,56065.3915072,1162,19.376,21.534,27.926,2.35,3.321,0,131072,1,1,13306088,0.193221,67.062251
56067.3069572,19.458,0.057,44132040008591,231.323265,40.232721,2,0,8.866018e-07,90,89,88,19.487,0.016,19.584,19.584,19.62,19.618,0.16,0.16,13319700001103,231.323221,40.232694,4413,4,56067.3098672,1164,19.469,21.882,27.944,1.75,2.199,0,131072,1,1,13319700,0.193221,67.062251
56067.3387072,19.428,0.061,44132040008591,231.323265,40.232721,2,0,8.866018e-07,90,89,88,19.487,0.016,19.584,19.584,19.62,19.618,0.16,0.16,13319723001092,231.323242,40.23269,4413,4,56067.3416072,1164,19.434,21.949,27.946,1.65,2.071,0,131072,1,1,13319723,0.193221,67.062251
56067.3703372,19.433,0.054,44132040008591,231.323265,40.232721,2,0,8.866018e-07,90,89,88,19.487,0.016,19.584,19.584,19.62,19.618,0.16,0.16,13319781001171,231.323203,40.232688,4413,4,56067.3732472,1164,19.43,21.984,27.943,1.55,2.028,0,131072,1,1,13319781,0.193221,67.062251
56069.3019672,19.476,0.07,44132040008591,231.323265,40.232721,2,0,8.866018e-07,90,89,88,19.487,0.016,19.584,19.584,19.62,19.618,0.16,0.16,13334677001108,231.323251,40.232673,4413,4,56069.3048172,1166,19.487,21.981,27.994,1.55,1.777,0,131072,1,1,13334677,0.193221,67.062251
56069.3390172,19.448,0.072,44132040008591,231.323265,40.232721,2,0,8.866018e-07,90,89,88,19.487,0.016,19.584,19.584,19.62,19.618,0.16,0.16,13334721001046,231.32325,40.232684,4413,4,56069.3418672,1166,19.45,21.83,27.98,1.75,2.503,0,131072,1,1,13334721,0.193221,67.062251
56069.3849972,19.455,0.068,44132040008591,231.323265,40.232721,2,0,8.866018e-07,90,89,88,19.487,0.016,19.584,19.584,19.62,19.618,0.16,0.16,13334639001098,231.323231,40.232686,4413,4,56069.3878472,1166,19.426,21.878,27.945,1.55,2.136,0,131072,1,1,13334639,0.193221,67.062251
56071.2903772,19.493,0.06,44132040008591,231.323265,40.232721,2,0,8.866018e-07,90,89,88,19.487,0.016,19.584,19.584,19.62,19.618,0.16,0.16,13348313001010,231.323204,40.2327,4413,4,56071.2931772,1168,19.468,21.727,27.933,2.05,2.575,0,131072,1,1,13348313,0.193221,67.062251
56071.3217372,19.616,0.068,44132040008591,231.323265,40.232721,2,0,8.866018e-07,90,89,88,19.487,0.016,19.584,19.584,19.62,19.618,0.16,0.16,13348506000874,231.323248,40.232714,4413,4,56071.3245272,1168,19.612,21.379,27.931,2.95,3.675,0,131072,1,1,13348506,0.193221,67.062251
56071.3569672,19.561,0.067,44132040008591,231.323265,40.232721,2,0,8.866018e-07,90,89,88,19.487,0.016,19.584,19.584,19.62,19.618,0.16,0.16,13348373000883,231.32318,40.232739,4413,4,56071.3597572,1168,19.558,21.382,27.926,2.85,4.181,0,131072,1,1,13348373,0.193221,67.062251
56076.1825472,19.621,0.085,44132040008591,231.323265,40.232721,2,0,8.866018e-07,90,89,88,19.487,0.016,19.584,19.584,19.62,19.618,0.16,0.16,13362580000714,231.323243,40.232749,4413,4,56076.1851872,1173,19.624,21.089,27.918,2.25,3.048,0,131072,1,1,13362580,0.193221,67.062251
56076.2124172,19.548,0.078,44132040008591,231.323265,40.232721,2,0,8.866018e-07,90,89,88,19.487,0.016,19.584,19.584,19.62,19.618,0.16,0.16,13362582000820,231.323193,40.232692,4413,4,56076.2150572,1173,19.542,21.414,27.934,1.75,1.938,0,131072,1,1,13362582,0.193221,67.062251
56076.2534272,19.34,0.064,44132040008591,231.323265,40.232721,2,0,8.866018e-07,90,89,88,19.487,0.016,19.584,19.584,19.62,19.618,0.16,0.16,13362645000883,231.323207,40.2327,4413,4,56076.2560672,1173,19.339,21.609,27.949,1.55,2.298,0,131072,1,1,13362645,0.193221,67.062251
